action,tick,distance_cells,heading_change_radians
STRAIGHT,pre-pulse,2.4062306663657775,-5.857536677922326e-13
STRAIGHT,pre-pulse,2.406212168925751,-6.375145097381463e-06
STRAIGHT,pre-pulse,2.625030861523694,-5.989140829942841e-07
STRAIGHT,pre-pulse,2.187489816047724,4.524525228699616e-06
STRAIGHT,pre-pulse,2.4063158447120516,4.6686808312657035e-06
STRAIGHT,pre-pulse,2.6249696444102026,2.454744974400569e-06
STRAIGHT,pre-pulse,2.187475907390596,-1.3521723882803371e-06
STRAIGHT,pre-pulse,2.4062406718183795,1.19989413116528e-06
STRAIGHT,pre-pulse,2.6249913757126766,-8.502833170886959e-08
STRAIGHT,pre-pulse,2.406342483689175,-3.4101408150633006e-06
STRAIGHT,pre-pulse,2.406158623080088,1.4992983758954637e-06
STRAIGHT,pre-pulse,2.4062810091546587,-1.1280783467348954e-06
STRAIGHT,pre-pulse,2.6249903916692756,-3.0916322200091884e-06
STRAIGHT,pre-pulse,2.6250206073288194,-1.8376670498643222e-06
STRAIGHT,pre-pulse,2.6250393840881805,8.773074755552557e-07
STRAIGHT,pre-pulse,2.624981436731525,-1.5259898211716916e-06
STRAIGHT,pre-pulse,2.406291646099094,-4.4280163484788915e-06
STRAIGHT,pre-pulse,2.6249062293715375,5.115075712325279e-06
STRAIGHT,pre-pulse,2.4062156949163924,5.418471598073182e-06
LEFT,1,2.405989616671169,0.5060597538935871
STRAIGHT,pre-pulse,2.6249722274095078,-2.635150865293312e-06
STRAIGHT,pre-pulse,2.625038141138234,-7.556497658711692e-07
STRAIGHT,pre-pulse,2.624900622193361,5.18809128169373e-06
STRAIGHT,pre-pulse,2.4062048893928436,2.4115686516612556e-06
STRAIGHT,pre-pulse,2.4063350512942407,5.0054612830141565e-06
STRAIGHT,pre-pulse,2.6250871347462073,-3.8103224867525043e-06
STRAIGHT,pre-pulse,2.406207829509582,3.3521692341942355e-06
STRAIGHT,pre-pulse,2.6249886284555624,1.452753231045989e-07
STRAIGHT,pre-pulse,2.406160830965594,7.918589211008964e-07
STRAIGHT,pre-pulse,2.4063459559500466,-3.408755971934241e-06
STRAIGHT,pre-pulse,2.624897007231517,4.75654110410062e-06
STRAIGHT,pre-pulse,2.6249489612601993,-2.337408892660875e-06
STRAIGHT,pre-pulse,2.4061533353044595,5.010062234855894e-06
STRAIGHT,pre-pulse,2.406250630241704,-8.613467008533604e-07
STRAIGHT,pre-pulse,2.6250469256623057,-5.5712343651759255e-06
STRAIGHT,pre-pulse,2.8437368605043547,-4.5468282738880816e-07
STRAIGHT,pre-pulse,2.624987861236072,-1.0604850331219495e-12
STRAIGHT,pre-pulse,2.6249729882996844,-2.371392335609457e-06
STRAIGHT,pre-pulse,2.6250380037834233,3.8893577891663256e-06
STRAIGHT,pre-pulse,2.624965082589139,8.468063207311971e-06
STRAIGHT,pre-pulse,2.625023699497089,-2.6645352591003757e-15
STRAIGHT,pre-pulse,2.6249470850469727,-2.7206537489554705e-06
STRAIGHT,pre-pulse,2.6249878471554657,4.504395454851817e-06
STRAIGHT,pre-pulse,2.624969031369742,-6.000663177463395e-07
STRAIGHT,pre-pulse,2.406285347734307,4.218847493575595e-15
STRAIGHT,pre-pulse,2.6249745045090043,8.353874214606094e-08
STRAIGHT,pre-pulse,2.406244117989048,-1.2313021349186215e-06
STRAIGHT,pre-pulse,2.1875036100913197,4.103750803396977e-06
STRAIGHT,pre-pulse,2.406232109945248,4.080238696690941e-06
RIGHT,1,2.405716116150565,-0.7513378516738201
STRAIGHT,pre-pulse,2.1875019259006847,-6.661338147750939e-15
LEFT,1,2.405730919900956,0.7328622444030755
LEFT,2,2.1872382222829714,0.8724520600320549
STRAIGHT,pre-pulse,2.187508208921847,-6.043991053916731e-06
RIGHT,1,2.6241998616064492,-0.7513572846189343
RIGHT,2,2.405715265347312,-0.8387076896110559
RIGHT,3,2.624201953189299,-0.9085950629535469
RIGHT,4,2.405719566769474,-0.629027771113287
STRAIGHT,pre-pulse,2.406241165080306,6.862448720390546e-07
LEFT,1,2.6242011624067674,0.7677550483570472
LEFT,2,2.405707138051366,0.8550058283606546
LEFT,3,2.6241957079827105,0.872454074422377
LEFT,4,2.405726116352053,0.8549958395982271
STRAIGHT,pre-pulse,2.4062240177526952,-2.0737858437147594e-06
RIGHT,1,2.62420476185211,-0.786278943762921
RIGHT,2,2.4057012170140557,-0.8561827039215113
RIGHT,3,2.4057094588180776,-0.8387089040558733
RIGHT,4,2.405717987369989,-0.8736431885694005
STRAIGHT,pre-pulse,2.4062442906983805,9.117937742608717e-07
LEFT,1,2.405729915207544,0.6979586494606549
LEFT,2,2.6242152183054515,0.9073528856042123
LEFT,3,2.4057136416367437,0.8375552152566121
LEFT,4,2.6242073165460855,0.9073518845117576
STRAIGHT,pre-pulse,2.6249467053541666,2.7402524693798114e-12
RIGHT,1,2.405709821210303,-0.7338576282299414
RIGHT,2,2.6242013433701863,-0.873653151930259
RIGHT,3,2.4057155670796893,-0.8736451314688218
RIGHT,4,2.6241914272975353,-0.629031559550317
STRAIGHT,pre-pulse,2.6250192841095696,-7.13757154580108e-06
LEFT,1,2.62420156096977,0.7677568327379439
LEFT,2,2.40571692347064,0.8724498462343141
LEFT,3,2.624199655048208,0.872456435719227
STRAIGHT,pre-pulse,2.406292132777276,-2.6271106602360206e-06
RIGHT,1,2.40572239679231,-0.7105857089582286
RIGHT,2,2.4054582756697362,-0.908594395154068
RIGHT,3,2.405457628016472,-0.8736459836584233
STRAIGHT,pre-pulse,2.4062493088832495,5.70025022961218e-06
LEFT,1,2.624210780948922,0.8026424478870842
LEFT,2,2.4229246301401055,0.8375670462394322
LEFT,3,2.624212333476924,0.9073378356782698
STRAIGHT,pre-pulse,2.4062569128562936,2.260776036377976e-06
RIGHT,1,2.405719945004396,-0.768805945014913
RIGHT,2,2.6242084513889163,-0.8736566402555503
RIGHT,3,2.405728323771631,-0.8736499835938474
STRAIGHT,pre-pulse,2.624965987021178,8.514879055177005e-07
LEFT,1,2.4059923688986484,0.7503239614025532
LEFT,2,2.6241995878664124,0.8724573321344964
LEFT,3,2.4054572552402274,0.854999039884063
STRAIGHT,pre-pulse,2.6250520934751447,-3.1551250351813387e-06
RIGHT,1,2.4057121016722003,-0.7164100220937071
RIGHT,2,2.62417870273023,-0.8736482029929342
RIGHT,3,2.405719253041496,-0.7788013208079565
STRAIGHT,pre-pulse,2.6250038260159885,-3.2918264634140826e-06
LEFT,1,2.4059762246984966,0.7503209314381182
LEFT,2,2.6242080560843997,0.872449106604753
LEFT,3,2.4057170846286255,0.8724604905973632
STRAIGHT,pre-pulse,2.625028216637194,8.501859046342042e-06
RIGHT,1,2.405736530235163,-0.6756148755296563
RIGHT,2,2.6241978279342972,-0.9086029141159888
RIGHT,3,2.405720625963859,-0.8561724881540105
STRAIGHT,pre-pulse,2.6250474512228936,2.3803901179064724e-06
LEFT,1,2.4057154216680208,0.7328648341144571
LEFT,2,2.405726146758868,0.8899023782428258
LEFT,3,2.6241852541633426,0.8549959748986464
STRAIGHT,pre-pulse,2.4062175128614642,1.003775860222711e-06
RIGHT,1,2.4057090886139405,-0.7513574649928625
RIGHT,2,2.4057299869140065,-0.8736441185733046
RIGHT,3,2.6241846406150784,-0.891130024571182
STRAIGHT,pre-pulse,2.4138259442589005,-0.055241453799562024
LEFT,1,2.405714259318437,0.7677470950734357
LEFT,2,2.187237512172619,0.8375495370732096
LEFT,3,2.405733337725654,0.9073498128530626
LEFT,4,2.1872558727576537,0.7129263956309462
STRAIGHT,pre-pulse,2.1874918080298382,-5.5328527105713565e-06
RIGHT,1,2.624467347558587,-0.7863110437563501
RIGHT,2,2.4056930646512904,-0.8387014439330214
STRAIGHT,pre-pulse,2.406215406146459,3.4292896571308518e-06
LEFT,1,2.6244707628239192,0.7538285211860061
LEFT,2,2.4057413732044552,0.8375628591476958
LEFT,3,2.187237583524936,0.8475142317492517
STRAIGHT,pre-pulse,2.406271866028656,-4.976091839470342e-06
RIGHT,1,2.1872422546745143,-0.7338676934002244
RIGHT,2,2.405703440670229,-0.8736591264243825
STRAIGHT,pre-pulse,2.4062086545969974,-8.492385692449034e-07
LEFT,1,2.4057163660888037,0.6979501142932376
LEFT,2,2.624212669491526,0.8898954849327687
LEFT,3,2.405733583635101,0.6456123756214716
STRAIGHT,pre-pulse,2.624962110617254,2.8484414416052317e-06
RIGHT,1,2.405704909887892,-0.7688227155762488
RIGHT,2,2.4057053776795447,-0.838706089565584
STRAIGHT,pre-pulse,2.406232545596496,8.005156251211787e-07
LEFT,1,2.405716076605303,0.7677556823004892
LEFT,2,2.4057287585675606,0.8724483215069885
STRAIGHT,pre-pulse,2.6250019873064745,-1.9553756795964716e-06
RIGHT,1,2.405708642709637,-0.7688147773561107
RIGHT,2,2.6241951057239477,-0.8736527291251663
STRAIGHT,pre-pulse,2.624978765498636,-6.640836485161117e-06
LEFT,1,2.4057213420490666,0.7328483338017748
LEFT,2,2.4057150389232764,0.8724573697753879
LEFT,3,2.4057192586160805,0.7129181659891177
STRAIGHT,pre-pulse,2.1874843103620667,3.94843818574131e-06
RIGHT,1,2.4057022829934187,-0.6988245339224786
RIGHT,2,2.4057134628562076,-0.8911212057730307
STRAIGHT,pre-pulse,2.406277230181514,8.226068770600392e-07
LEFT,1,2.62419931165617,0.7677566164479019
LEFT,2,2.4057241027238736,0.8375528325144654
STRAIGHT,pre-pulse,2.4062195942707305,2.537164358606958e-06
RIGHT,1,2.405728431570454,-0.7337639107081126
RIGHT,2,2.405712841973605,-0.8536853625947898
STRAIGHT,pre-pulse,2.40629473968783,8.206838950197692e-06
LEFT,1,2.6242093591629194,0.7852086829396723
LEFT,2,2.4057161815332773,0.6107017817013398
STRAIGHT,pre-pulse,2.4062342541085875,-3.677052724526675e-07
LEFT,1,2.405706039916474,0.7154207763345307
LEFT,2,2.6241914594485696,0.7029440402394487
STRAIGHT,pre-pulse,2.6249827650147455,4.694996426746201e-06
RIGHT,1,2.6244519664405077,-0.7164235047189533
STRAIGHT,pre-pulse,2.187496749002566,4.3638075123419995e-06
LEFT,1,2.624184725167291,0.7677623749754403
LEFT,2,2.4057049181357795,0.837549189742665
STRAIGHT,pre-pulse,2.4062093323641665,3.5659010267918845e-06
RIGHT,1,2.405725078575169,-0.698925106033349
RIGHT,2,2.624199521854922,-0.7837915410908016
STRAIGHT,pre-pulse,2.6249991032346975,5.551291027972027e-06
LEFT,1,2.4049172149131266,0.7154147739594972
LEFT,2,2.405713354426756,0.8898973480069077
STRAIGHT,pre-pulse,2.406282207449035,2.2778106591458958e-06
RIGHT,1,2.405971351898011,-0.716406805675242
RIGHT,2,2.6241879738231826,-0.9085936246852031
STRAIGHT,pre-pulse,2.6249428788415083,2.370714896393622e-06
LEFT,1,2.6241982810275353,0.7677685941708983
LEFT,2,2.4057314887808063,0.8549988813088856
STRAIGHT,pre-pulse,2.4062167580012654,1.6093723235188762e-06
RIGHT,1,2.624223938646686,-0.754856045335181
RIGHT,2,2.405711324449106,-0.856178340807779
RIGHT,3,2.6241951899531033,-0.6465003347862045
STRAIGHT,pre-pulse,2.4062611109564935,-2.020605904817785e-14
LEFT,1,2.4057239273196576,0.7154233596717862
LEFT,2,2.6241956328900717,0.889892595903847
STRAIGHT,pre-pulse,2.6249856067461272,-4.165380481868652e-06
RIGHT,1,2.4057413393524,-0.6814587429655681
RIGHT,2,2.624203322356622,-0.9085993105473429
STRAIGHT,pre-pulse,2.625042233763691,-4.561991249207864e-07
LEFT,1,2.6242010865776293,0.7852112004969006
LEFT,2,2.4057244007881087,0.6680439784999092
STRAIGHT,pre-pulse,2.406292794480297,4.279189291578334e-06
RIGHT,1,2.405713384034728,-0.6989211267332471
RIGHT,2,2.62417482029425,-0.908575848130166
STRAIGHT,pre-pulse,2.6250108235187475,3.3901195184427024e-07
LEFT,1,2.405982452681415,0.7503233960849172
STRAIGHT,pre-pulse,2.6249854361071256,-3.895851712343301e-07
RIGHT,1,2.6244515039986336,-0.7688119904705581
RIGHT,2,2.405728823875739,-0.8311932071399141
STRAIGHT,pre-pulse,2.4062408774187074,-2.0816681711721685e-14
LEFT,1,2.405698735021499,0.6979678115742712
LEFT,2,2.405717035338809,0.772738594825915
STRAIGHT,pre-pulse,2.4062753587139296,7.142539521609592e-06
RIGHT,1,2.4059824515069237,-0.7338660126744159
RIGHT,2,2.624209763229829,-0.8911367606787316
STRAIGHT,pre-pulse,2.6251077720845473,3.425038030968608e-14
LEFT,1,2.624200973034863,0.7677301030354879
LEFT,2,2.4056995353003297,0.8375503529177524
STRAIGHT,pre-pulse,2.4062712012921144,9.628372921177686e-07
RIGHT,1,2.6244093993740223,-0.7548619998458621
RIGHT,2,2.1872375993035296,-0.8736409659364994
STRAIGHT,pre-pulse,2.4062858904113025,-3.956800678772687e-07
LEFT,1,2.18723868674834,0.7154136046724101
LEFT,2,2.4057009143326713,0.7552991431743392
STRAIGHT,pre-pulse,2.4062447061952628,-8.655584540218086e-06
RIGHT,1,2.405718380278548,-0.6989230113302213
RIGHT,2,2.6242057691713043,-0.7487922585749132
STRAIGHT,pre-pulse,2.625045242763633,-4.847441268621133e-06
LEFT,1,2.4057261153024374,0.709625696332679
LEFT,2,2.405713353217531,0.8724467037739475
STRAIGHT,pre-pulse,2.406281243501606,-2.3596156852878636e-06
RIGHT,1,2.4057306651501107,-0.6756258956640259
RIGHT,2,2.4057021390764666,-0.8736467188809581
STRAIGHT,pre-pulse,2.40631139385305,-3.991269173331258e-06
LEFT,1,2.4057126667367768,0.6979256607647386
LEFT,2,2.6241921502403214,0.9073609803423341
LEFT,3,2.405725973425954,0.8375484146582328
STRAIGHT,pre-pulse,2.624975278364956,-2.374806222560366e-06
RIGHT,1,2.186962705774339,-0.6989452766960165
STRAIGHT,pre-pulse,2.6250060329795044,-9.309887207820111e-07
LEFT,1,2.187244689603112,0.6979580951317609
LEFT,2,2.40571166179057,0.9073522645068262
STRAIGHT,pre-pulse,2.406170584223956,-2.3668231739215617e-06
RIGHT,1,2.405724513386064,-0.7688263176742303
RIGHT,2,2.624206680671573,-0.8486633702899207
STRAIGHT,pre-pulse,2.625063711769451,-3.004949227225495e-06
LEFT,1,2.624196879035537,0.7677639422795569
LEFT,2,2.4057175020372803,0.7428290257543486
STRAIGHT,pre-pulse,2.406355171992952,-2.27781268176408e-06
RIGHT,1,2.187240237989081,-0.6989477739887227
STRAIGHT,pre-pulse,2.4062142165962452,1.914543387826484e-06
LEFT,1,2.405722242261921,0.7328446075473497
LEFT,2,2.6242103182916843,0.852517207337459
STRAIGHT,pre-pulse,2.4063400677977342,4.306908989559766e-06
RIGHT,1,2.405709950745561,-0.7338601618389666
RIGHT,2,2.4056935879263053,-0.6639790785553147
STRAIGHT,pre-pulse,2.406237798123342,-1.8840053201962803e-06
LEFT,1,2.6242229386520504,0.7677659158970009
LEFT,2,2.4057193204817233,0.8550280736578748
STRAIGHT,pre-pulse,2.4062541663046453,8.260916562807807e-06
RIGHT,1,2.4057299561848935,-0.7105622285062061
RIGHT,2,2.4057118111921194,-0.8387188737731786
STRAIGHT,pre-pulse,2.4063437753483203,2.713350785832347e-06
LEFT,1,2.6239731233405696,0.7328754479506656
LEFT,2,2.4057169839101387,0.907345209917247
STRAIGHT,pre-pulse,2.625060069882173,-3.1665217332110807e-06
RIGHT,1,2.1872471757942984,-0.6989127499972101
RIGHT,2,2.405717346135693,-0.9086131469034884
RIGHT,3,2.187242925982792,-0.8736416758803465
RIGHT,4,2.4049388973008567,-0.8736539517673076
RIGHT,5,2.187257154189844,-0.8387075941381363
RIGHT,steady,2.4057234178426325,-0.9085234305332923
RIGHT,steady,2.1872446110528445,-0.8561431986106207
RIGHT,steady,2.405733265522544,-0.8911227822636949
RIGHT,steady,2.1872480741803124,-0.7138913731540573
STRAIGHT,pre-pulse,2.4062263044824883,8.564806797117797e-07
LEFT,1,2.4057150122806634,0.7328570119325106
LEFT,2,2.1872277326520098,0.83755323425643
LEFT,3,2.4057159602466647,0.907350945321407
LEFT,4,2.405710016978445,0.8549983424667404
LEFT,5,2.624202136787581,0.8899001163901827
LEFT,steady,2.405730162452967,0.8549942724669028
LEFT,steady,2.624201781819325,0.8899156108058106
LEFT,steady,2.4057080128966732,0.8724524756868366
LEFT,steady,2.6241813350356593,0.8724501739000701
LEFT,steady,2.405718752212989,0.6680384473169667
STRAIGHT,pre-pulse,2.406303510619088,4.608578621612125e-06
RIGHT,1,2.6244599457272804,-0.7863127005238308
RIGHT,2,2.4057234139536243,-0.856171098228133
RIGHT,3,2.6242170141747345,-0.8911370156066845
RIGHT,4,2.623936925392896,-0.838694156632795
RIGHT,5,2.405723732814205,-0.9085959083564905
RIGHT,steady,2.405700883891443,-0.8386937700062971
RIGHT,steady,2.6242136240395886,-0.9085257290760316
RIGHT,steady,2.6239409563581106,-0.8386964235093126
RIGHT,steady,2.405705799758261,-0.9085919256740276
RIGHT,steady,2.623930855081976,-0.6789614958676058
STRAIGHT,pre-pulse,2.4062377539793105,-4.540317746437594e-06
LEFT,1,2.4057234177663456,0.7677480937477463
LEFT,2,2.187245077113457,0.837568969053978
LEFT,3,2.4057121053394153,0.9073481866386293
LEFT,4,2.1872245212646924,0.8375452286449647
LEFT,5,2.405699878385194,0.9073462128929943
LEFT,steady,2.187224142176286,0.8375642304273985
LEFT,steady,2.405719246962195,0.907338140433863
LEFT,steady,2.1872451085845803,0.8375629788328407
LEFT,steady,2.4057366974953394,0.9073445779260361
LEFT,steady,2.1872331308502435,0.837559629029812
LEFT,steady,2.4057195908976268,0.9073339338248783
STRAIGHT,pre-pulse,2.4062229466070653,-2.55861559339543e-06
RIGHT,1,2.6241809432684025,-0.7455033279843901
RIGHT,2,2.405717676642061,-0.8735487753394957
RIGHT,3,2.624191842969693,-0.8736555726174804
RIGHT,4,2.405704843742007,-0.8736411928180035
RIGHT,5,2.624171642332239,-0.8736497071891245
RIGHT,steady,2.4057254084707567,-0.8736642645602579
RIGHT,steady,2.405729391915196,-0.8736560577158095
RIGHT,steady,2.1872351216126162,-0.8736340791561057
RIGHT,steady,2.405716286531112,-0.8735491742660972
RIGHT,steady,2.1872240311716706,-0.8486952018732854
STRAIGHT,pre-pulse,2.4061979334739685,-8.962682663815613e-07
LEFT,1,2.6242056235703326,0.7677656192505538
LEFT,2,2.405718444216294,0.8550098621100384
LEFT,3,2.624182263193463,0.8898947968529844
LEFT,4,2.4057014762427866,0.8550077116287644
LEFT,5,2.62419625691925,0.8898885399650389
LEFT,steady,2.4057137178762042,0.8550131512862347
LEFT,steady,2.6236704213264566,0.9073556619269141
LEFT,steady,2.4057108487690133,0.8375426462964946
LEFT,steady,2.624192556760576,0.8899012214555047
LEFT,steady,2.4057268599627317,0.8550128650669233
LEFT,steady,2.6242048594802623,0.8898950678431952
LEFT,steady,2.4057195699267195,0.8300725506570217
STRAIGHT,pre-pulse,2.406318933802526,-0.01745680367291591
RIGHT,1,2.4057215340270774,-0.7338507828983539
RIGHT,2,2.405727005451387,-0.8736505290020001
RIGHT,3,2.405732529932684,-0.9085697735243043
RIGHT,4,2.405709151942985,-0.8386367298904083
RIGHT,5,2.4057271292294944,-0.8911100347300218
RIGHT,steady,2.1872530388268148,-0.8561750585632373
RIGHT,steady,2.40569188196878,-0.908614427776631
RIGHT,steady,2.1872186933691227,-0.838702281445526
RIGHT,steady,2.4057256542592556,-0.9085961678645509
RIGHT,steady,2.187241175972003,-0.8387167744542596
STRAIGHT,pre-pulse,2.406309329460873,-9.422534354985856e-07
LEFT,1,2.6242185075070124,0.7503632172666319
LEFT,2,2.4057231764278075,0.837540030247633
LEFT,3,2.6241879678510216,0.9073510180321158
LEFT,4,2.405697221798296,0.8375381522483267
LEFT,5,2.6242169987128263,0.9073583760545021
LEFT,steady,2.4057322051526633,0.8550027671881706
LEFT,steady,2.62419238667192,0.8899044788542456
STRAIGHT,pre-pulse,2.406303763155391,6.260946328051631e-07
RIGHT,1,2.187067229463596,-0.6990170893229266
RIGHT,2,2.624219919662952,-0.8736304878594128
RIGHT,3,2.405448009476284,-0.8736438307302414
RIGHT,4,2.4057215819413718,-0.8911462970836741
RIGHT,5,2.4057201169023674,-0.8561534318349677
RIGHT,steady,2.6234175924940177,-0.8561730367425522
RIGHT,steady,2.405727798450047,-0.8911435575589781
RIGHT,steady,2.6241875502812637,-0.873551874959249
RIGHT,steady,2.4057155577020817,-0.8736436286393285
STRAIGHT,pre-pulse,2.406313802651631,0.00017362174920410034
LEFT,1,2.6241746295498083,0.7677631326419507
LEFT,2,2.4057511257113395,0.8375448983971561
LEFT,3,2.624197856721026,0.9073601942412646
LEFT,4,2.4057144072537477,0.8375527823960613
LEFT,5,2.624183761673436,0.9073491645742369
LEFT,steady,2.405711857558071,0.8550045510509516
LEFT,steady,2.405717503981749,0.8899039540748888
LEFT,steady,2.405726134751224,0.8375530059449403
LEFT,steady,2.624207778240986,0.872466302930917
STRAIGHT,pre-pulse,2.4061487290472576,-4.617040218590773e-06
RIGHT,1,2.405720131920676,-0.6755768964649684
RIGHT,2,2.6241713293273805,-0.908576040406444
RIGHT,3,2.4057060410237576,-0.8387183354635686
RIGHT,4,2.624191034487281,-0.9086001906157715
RIGHT,5,2.405723258305843,-0.8386974540144854
RIGHT,steady,2.624205472914719,-0.9085857015277465
RIGHT,steady,2.405723588871725,-0.8387105346124422
RIGHT,steady,2.624195604565341,-0.908532108568096
RIGHT,steady,2.405723260494786,-0.6639263772252111
STRAIGHT,pre-pulse,2.625007412353342,-1.5014633520937792e-06
LEFT,1,2.4057205041218785,0.7503133435267331
LEFT,2,2.6242043900317817,0.8899061525942618
LEFT,3,2.4057285275519975,0.8550051772828449
LEFT,4,2.624181020162617,0.889904220492352
LEFT,5,2.405719207433883,0.8375477728205691
LEFT,steady,2.4057262485915776,0.8898987078899072
LEFT,steady,2.405737337094902,0.872437035824825
LEFT,steady,2.405750791523691,0.8550122473651376
LEFT,steady,2.405717439056132,0.7777245320063688
STRAIGHT,pre-pulse,2.624978654968735,-2.3983991059850496e-07
RIGHT,1,2.4057090718606644,-0.7163807490661722
RIGHT,2,2.6241793816722714,-0.8910483882451445
RIGHT,3,2.4057201562938086,-0.8561841430794801
RIGHT,4,2.6241937047872432,-0.8911173747447942
RIGHT,5,2.405738611342154,-0.8561810924221067
RIGHT,steady,2.624227673997852,-0.8911334265287252
RIGHT,steady,2.405745544778515,-0.8561724233438532
RIGHT,steady,2.6241932146741647,-0.891104097890242
RIGHT,steady,2.405696151782089,-0.8560824020273099
STRAIGHT,pre-pulse,2.6249796638236944,2.964604596922271e-06
LEFT,1,2.40572746914624,0.7677541341573866
LEFT,2,2.1872361016917563,0.8724541750438262
LEFT,3,2.4049209426843925,0.8724458870393259
LEFT,4,2.1872286115124924,0.8375516256832091
LEFT,5,2.405720308607753,0.9073558063766946
LEFT,steady,2.1872294690972067,0.872447897380288
LEFT,steady,2.624194355198164,0.8724490710668045
STRAIGHT,pre-pulse,2.1874547588585833,-7.063559140707554e-06
RIGHT,1,2.405712224024496,-0.7338675534692358
RIGHT,2,2.6239025998404557,-0.9260708124426893
RIGHT,3,2.4057153748930724,-0.8561717244643878
RIGHT,4,2.4057356740729485,-0.8387152159323525
RIGHT,5,2.405732103385294,-0.873638247612206
RIGHT,steady,2.4057139242725287,-0.8736602226267989
RIGHT,steady,2.405717973327911,-0.8910295101813039
RIGHT,steady,2.4057048665025222,-0.8561720206657917
RIGHT,steady,2.4057396573073655,-0.8736366612377218
RIGHT,steady,2.4057347140403302,-0.8736653261096379
RIGHT,steady,2.4057168804778666,-0.7488402737206812
STRAIGHT,pre-pulse,2.6249469524437,0.004984550409282473
LEFT,1,2.6241715505493723,0.732848360530233
LEFT,2,2.405721045152478,0.8724733837909151
LEFT,3,2.6242199144349247,0.8898864014495675
LEFT,4,2.4057497533313574,0.8375486467803688
LEFT,5,2.624189670583802,0.8899250418903035
LEFT,steady,2.4057079593872395,0.8375399606900604
LEFT,steady,2.6242029725197247,0.9073460132692457
LEFT,steady,2.4057359771756737,0.8375529971703699
STRAIGHT,pre-pulse,2.406222076427882,-1.5557208050687166e-06
RIGHT,1,2.4057169076733467,-0.6989252013341912
RIGHT,2,2.6241966506280456,-0.8736643594730651
RIGHT,3,2.405712031301225,-0.8736398747424757
RIGHT,4,2.6242097784084883,-0.8910305331463879
RIGHT,5,2.405714272307692,-0.8387198458175957
RIGHT,steady,2.624197161409052,-0.9085722222243033
RIGHT,steady,2.4057309631840806,-0.8561706590130731
RIGHT,steady,2.6241827435073453,-0.8911363832190631
STRAIGHT,pre-pulse,2.6249756016137575,4.788447336645518e-06
LEFT,1,2.4059896625337576,0.7154268320694736
LEFT,2,2.6242009959699173,0.8724485435816864
LEFT,3,2.405721484587189,0.8724601495127322
LEFT,4,2.6242208349987384,0.907354910745136
LEFT,5,2.405706401964327,0.8375421857754111
LEFT,steady,2.624204674513913,0.9073449904484443
LEFT,steady,2.405707432540412,0.8375614343076192
LEFT,steady,2.624195850351182,0.9073428790350677
STRAIGHT,pre-pulse,2.4063419829953645,-6.257695596145751e-07
RIGHT,1,2.405728174130791,-0.7338689330921166
RIGHT,2,2.405707132725318,-0.8736548556909187
RIGHT,3,2.405716817959902,-0.8736483494100233
RIGHT,4,2.4057279666758182,-0.87358474211094
RIGHT,5,2.4057244868265295,-0.8736254856860006
RIGHT,steady,2.4056864812705627,-0.8911170131634756
RIGHT,steady,2.4057422764597347,-0.8561700411603059
RIGHT,steady,2.624201021860558,-0.8736572774910574
RIGHT,steady,2.405707023331606,-0.7987680542585416
STRAIGHT,pre-pulse,2.1875069119518953,4.323705242281761e-06
LEFT,1,2.6244429220502266,0.7538499643471075
LEFT,2,2.405713268030729,0.8724322221308832
LEFT,3,2.624182368309679,0.8724441843133635
LEFT,4,2.4056899920210593,0.8724630129275419
LEFT,5,2.6241931359011637,0.8724432956320141
LEFT,steady,2.405713817234931,0.8724513063952362
LEFT,steady,2.6241844243688726,0.8724629152155581
LEFT,steady,2.4057081160651133,0.8724499695588941
LEFT,steady,2.6241862295337675,0.8724435330792275
STRAIGHT,pre-pulse,2.4061520093844546,-5.7510161268620186e-08
RIGHT,1,2.4057117551823617,-0.71639918955798
RIGHT,2,2.624183756086528,-0.8911221260882569
RIGHT,3,2.405716446282419,-0.8561716783699879
RIGHT,4,2.6242294976047496,-0.8561786224727995
RIGHT,5,2.405714646736203,-0.8735658375849122
RIGHT,steady,2.624208378042472,-0.8736457544256591
RIGHT,steady,2.405743388585014,-0.8736551212474519
RIGHT,steady,2.6242098455692853,-0.8736270497129994
RIGHT,steady,2.4057250396323866,-0.8736789588814027
RIGHT,steady,2.6241822747924672,-0.8736341355583326
RIGHT,steady,2.4056807142016647,-0.8736524316507799
RIGHT,steady,2.405731817837067,-0.8735718072611762
RIGHT,steady,2.404928795199653,-0.6989019184647551
STRAIGHT,pre-pulse,2.6250549210018703,-1.7830269598562154e-06
LEFT,1,2.4056915481126375,0.732839538741106
LEFT,2,2.4057151015931635,0.8375536372567451
LEFT,3,2.4057200234166216,0.8724591335702281
LEFT,4,2.6242118675173995,0.8724478517244123
LEFT,5,2.4057090671464367,0.8899055820303757
LEFT,steady,2.1872365687345474,0.8549947681514267
LEFT,steady,2.40570712136058,0.8724495726380677
LEFT,steady,2.405434720802168,0.8724524298907634
LEFT,steady,2.405719112739342,0.8525063495488778
STRAIGHT,pre-pulse,2.406199055895662,7.319899243185546e-06
RIGHT,1,2.1872355419095904,-0.733796840471237
RIGHT,2,2.4057244521715124,-0.873631498171842
RIGHT,3,2.1872495030816554,-0.8736437805911415
RIGHT,4,2.4056925567390497,-0.8736436999648625
RIGHT,5,2.4057129672853588,-0.8736495946730889
RIGHT,steady,2.405704151538795,-0.873663848461244
RIGHT,steady,2.4057234148792626,-0.8736394704162933
RIGHT,steady,2.4057257605740454,-0.8736249071157971
RIGHT,steady,2.405715560104644,-0.85360173203979
STRAIGHT,pre-pulse,2.4062677694138173,2.302750273797116e-06
LEFT,1,2.4057123085740004,0.7328456644622816
LEFT,2,2.4057072224257516,0.8724560136072097
LEFT,3,2.405724525633419,0.8724502277527661
LEFT,4,2.4057047746022078,0.8724678021768106
LEFT,5,2.6241832493265593,0.8898998919970496
LEFT,steady,2.4057082803026875,0.8549910985993483
LEFT,steady,2.624199594086137,0.8898989788421101
LEFT,steady,2.405747881670747,0.8549922193896577
LEFT,steady,2.6241804003473206,0.9073390628646187
STRAIGHT,pre-pulse,2.406242718636643,9.643377602674974e-06
RIGHT,1,2.4056868568153402,-0.7338643864975214
RIGHT,2,2.6242001663106795,-0.8735609466044949
RIGHT,3,2.4057176232407627,-0.8561633906053863
RIGHT,4,2.6241707412053605,-0.8911453723085985
RIGHT,5,2.4057288197060083,-0.8561728226519483
RIGHT,steady,2.6242193547864523,-0.8911272165398625
RIGHT,steady,2.4056870460142674,-0.8911069264093383
RIGHT,steady,2.6241755496392614,-0.8561928747468963
RIGHT,steady,2.4057082182343947,-0.8910010646443602
STRAIGHT,pre-pulse,2.6249903318296823,-1.2308961523377349e-06
LEFT,1,2.4057109158272727,0.7154265014582508
LEFT,2,2.405723092756295,0.8724537944972033
LEFT,3,2.624190793277764,0.8724427369668644
LEFT,4,2.4057229600617167,0.8724279017316339
LEFT,5,2.6242247984634015,0.8724758674889103
LEFT,steady,2.405727264705693,0.872450238293339
LEFT,steady,2.624212778775338,0.8724525318797802
LEFT,steady,2.405727536839848,0.8724566414874717
LEFT,steady,2.624209168529156,0.872462510466697
LEFT,steady,2.4057297892514384,0.6630438657925684
STRAIGHT,pre-pulse,2.40625461156065,-5.205513318173871e-06
RIGHT,1,2.6244643336856055,-0.786315573564096
RIGHT,2,2.4057185466962427,-0.8386140124425661
RIGHT,3,2.6239280269587795,-0.8911131425832521
RIGHT,4,2.4056994631389874,-0.85617302105398
RIGHT,5,2.624218211831,-0.9085940523265381
RIGHT,steady,2.4057144021383143,-0.8561772846592586
RIGHT,steady,2.6241837735250653,-0.8911256457252845
RIGHT,steady,2.4057092331842975,-0.838697480192347
RIGHT,steady,2.6241927482266147,-0.908567823714109
RIGHT,steady,2.405721647362443,-0.8561108729338747
STRAIGHT,pre-pulse,2.4063418361021602,2.3657676507015182e-06
LEFT,1,2.4059782929298517,0.7154355293713603
LEFT,2,2.6242066109603943,0.9073405702612221
LEFT,3,2.4057105565874415,0.8375521944609718
LEFT,4,2.6242222684460663,0.9073492915903583
LEFT,5,2.4057299547813993,0.8375631830065253
LEFT,steady,2.6241991233437,0.9073586112933998
STRAIGHT,pre-pulse,2.6250002238635393,-2.688761851832311e-06
RIGHT,1,2.4057017105533403,-0.7338421017953644
RIGHT,2,2.624185034438995,-0.8736479445416248
RIGHT,3,2.405696087631505,-0.8736588139549543
RIGHT,4,2.405716527635472,-0.8735573836610311
RIGHT,5,2.4057217710126277,-0.8736420543568906
RIGHT,steady,2.4057093019513522,-0.8736519449811997
RIGHT,steady,2.405726667791271,-0.8911143441641691
RIGHT,steady,2.4057190169041585,-0.8561759004384584
RIGHT,steady,2.405719060370464,-0.8536887431501894
STRAIGHT,pre-pulse,2.4061946647733743,-8.354031351132107e-07
LEFT,1,2.4057060321146784,0.6805206062186298
LEFT,2,2.6242053605376072,0.8724504883976716
LEFT,3,2.4057225793584753,0.8724595903329313
LEFT,4,2.624210672456666,0.8549948579580224
LEFT,5,2.405735036584247,0.8898880379526366
LEFT,steady,2.624209998069852,0.8724674257186766
LEFT,steady,2.405713846450891,0.8375528945273754
LEFT,steady,2.624200734770147,0.9073502396141953
LEFT,steady,2.4057338885720108,0.8375457357839977
LEFT,steady,2.6241907985914024,0.907363157244097
LEFT,steady,2.405685768185414,0.6630528733776515
STRAIGHT,pre-pulse,2.6250193241121997,-9.696979202111766e-07
RIGHT,1,2.6236954694597396,-0.7862841489004642
RIGHT,2,2.405703158013105,-0.8387207534960694
RIGHT,3,2.624231056260382,-0.8911220861271989
RIGHT,4,2.4056834597500814,-0.8561713869829817
RIGHT,5,2.624206760395307,-0.8911204723285129
RIGHT,steady,2.4057098828016965,-0.8560817749688283
RIGHT,steady,2.6241855787395334,-0.8911269522493299
RIGHT,steady,2.405705830814331,-0.8561735663705701
RIGHT,steady,2.6241996185052257,-0.8911223067951903
STRAIGHT,pre-pulse,2.406318554780019,-2.2352984885287697e-07
LEFT,1,2.405706567338731,0.6979580598807205
LEFT,2,2.624212591608498,0.8724614960306809
LEFT,3,2.4057234599324637,0.8724367420527446
LEFT,4,2.624205905377257,0.8550119602864528
LEFT,5,2.4057243780814153,0.872438307269169
LEFT,steady,2.6241828610790807,0.8724588627763126
LEFT,steady,2.4057153734680448,0.8724542636172661
LEFT,steady,2.405695456954538,0.8724429909390361
LEFT,steady,2.405711435039573,0.8724541163581518
LEFT,steady,2.405732155919339,0.7478170285379999
STRAIGHT,pre-pulse,2.6249233235635385,7.796122427849994e-06
RIGHT,1,2.6245037690263406,-0.75485429297862
RIGHT,2,2.40572306059833,-0.8736398254814386
RIGHT,3,2.405723410149887,-0.8736700897923306
RIGHT,4,2.405729731728768,-0.873634484428921
RIGHT,5,2.624165135580508,-0.8736609200206757
RIGHT,steady,2.4057444054875754,-0.8734860656706438
RIGHT,steady,2.4057269920867306,-0.8736161458934593
RIGHT,steady,2.6241849263889376,-0.8911125709137124
RIGHT,steady,2.4057260209356297,-0.8561724674963322
RIGHT,steady,2.6239462534706637,-0.8561905573703807
RIGHT,steady,2.4057349251719433,-0.6814384371894473
LEFT,1,2.4056933228582666,0.6805176042666621
LEFT,2,2.6241803185994206,0.9073549420166718
LEFT,3,2.405718633449082,0.8375493637927987
LEFT,4,2.6242009833148496,0.9073509091370284
LEFT,5,2.405725128835594,0.8375452909186936
LEFT,steady,2.624196739903616,0.9073495906691029
LEFT,steady,2.405709782426724,0.83755546924366
LEFT,steady,2.6242194995488064,0.9073590357849586
LEFT,steady,2.405716471794286,0.8375444418144804
LEFT,steady,2.6241974260446232,0.9073584528105254
LEFT,steady,2.4057365175437573,0.837540018047708
STRAIGHT,pre-pulse,2.6248950393717077,1.1419929549505436e-06
RIGHT,1,2.4057346001041235,-0.7164111114361895
RIGHT,2,2.187234108935595,-0.838711273390182
RIGHT,3,2.4057139422854594,-0.908585343092378
RIGHT,4,2.1872322381024434,-0.8387010140725906
RIGHT,5,2.624184122533138,-0.9086121785787249
RIGHT,steady,2.4057242139789783,-0.8561624934969103
RIGHT,steady,2.6242104285080337,-0.8910330948402017
RIGHT,steady,2.4057263238758333,-0.8736532149205996
RIGHT,steady,2.6242053757223607,-0.8736467007974476
RIGHT,steady,2.4057173209034075,-0.8736587419118749
STRAIGHT,pre-pulse,2.1875268822520475,-4.632334002607763e-06
LEFT,1,2.4057403331616847,0.7503309967135252
LEFT,2,2.624214614487851,0.8898881538202881
LEFT,3,2.4057180694557623,0.8550041686455296
LEFT,4,2.842165413997517,0.8899041129095995
LEFT,5,2.405716538838415,0.8550122356859955
LEFT,steady,2.624185717311903,0.8898871186170787
LEFT,steady,2.405712942164253,0.8550089851141411
LEFT,steady,2.6242213609437437,0.8898951893328793
LEFT,steady,2.4057052912266346,0.8550107466576353
LEFT,steady,2.6241906452266432,0.8899105474667017
STRAIGHT,pre-pulse,2.6249338357232666,1.369003688855841e-06
RIGHT,1,2.624485317346972,-0.7163867175842515
RIGHT,2,2.4057276576166604,-0.8736309246633169
RIGHT,3,2.6241746680495917,-0.8736759295895471
RIGHT,4,2.4057246315411263,-0.8736403726712609
RIGHT,5,2.624216400470956,-0.8736483169003648
RIGHT,steady,2.405704614034882,-0.873644124902242
RIGHT,steady,2.4057119935843665,-0.8735756995250465
RIGHT,steady,2.4057291951863515,-0.8736328186950928
RIGHT,steady,2.4057169444522364,-0.8736563683545171
RIGHT,steady,2.405707028945351,-0.8736527491842381
RIGHT,steady,2.405714867031199,-0.7488280165588304
STRAIGHT,pre-pulse,2.4235120154248255,-1.3617965775036822e-06
LEFT,1,2.624202304907254,0.8026641306624411
LEFT,2,2.4057122740684247,0.8375533985778123
LEFT,3,2.6242252411424114,0.8898966393018606
LEFT,4,2.4057292617888493,0.8549910090328465
LEFT,5,2.6241952412453875,0.9073511564906953
LEFT,steady,2.4057006047358467,0.8375615893890602
LEFT,steady,2.6241931985776925,0.9073449633073425
LEFT,steady,2.4057174477155265,0.8375565843962658
LEFT,steady,2.6242029335741304,0.907361724595745
STRAIGHT,pre-pulse,2.4062619588737775,3.958756163435773e-06
RIGHT,1,2.40574223233231,-0.7163904982611426
RIGHT,2,2.6242044207076423,-0.9085964201658632
RIGHT,3,2.405711284584775,-0.8561866162367602
RIGHT,4,2.6242190491329898,-0.8911119634134785
RIGHT,5,2.405721238062675,-0.8561709476496895
RIGHT,steady,2.624208403896658,-0.8910255926642425
RIGHT,steady,2.4056985741632224,-0.8561927807751366
RIGHT,steady,2.6242075941818666,-0.8911135804650301
RIGHT,steady,2.4057353903788123,-0.8561803481280839
RIGHT,steady,2.6241999869922354,-0.891119856484357
RIGHT,steady,2.405701287160602,-0.856176149029471
RIGHT,steady,2.624210167596167,-0.8911340510133705
RIGHT,steady,2.405721720598135,-0.7437448015673542
STRAIGHT,pre-pulse,2.625099264146296,-3.032218236942441e-06
LEFT,1,2.405721953433965,0.7677693896220823
LEFT,2,2.4057260447729374,0.8724399629656416
LEFT,3,2.624198884053556,0.8899080213038877
LEFT,4,2.405724572575845,0.854991981891096
LEFT,5,2.624216563441196,0.9073628384905104
LEFT,steady,2.4057113291273837,0.8375414840451425
LEFT,steady,2.6242176597339637,0.8899023711759724
LEFT,steady,2.405708879865299,0.8549947202812596
LEFT,steady,2.624200612294223,0.9073666939529641
STRAIGHT,pre-pulse,2.4062236655208515,3.3463061708260966e-06
RIGHT,1,2.624446021110652,-0.7862949349431158
RIGHT,2,2.1872289493625607,-0.8386656074860974
RIGHT,3,2.4057131657519926,-0.9085420623039513
RIGHT,4,2.1872119370671004,-0.8736560565584051
RIGHT,5,2.405700471722855,-0.8736406786575639
RIGHT,steady,2.4057185671134467,-0.8386878406043259
RIGHT,steady,2.405723544861085,-0.9086090030845035
RIGHT,steady,2.4057296209639407,-0.8387020623486823
STRAIGHT,pre-pulse,2.187472242332234,4.6184320455777694e-06
LEFT,1,2.405722765335854,0.6979828114618649
LEFT,2,2.4057412235942777,0.8724416035967026
LEFT,3,2.6242073203597998,0.8724518436453079
LEFT,4,2.62420217390998,0.8724774408449418
LEFT,5,2.4057441960333334,0.8724355300375997
LEFT,steady,2.6241514096390803,0.8724432043417285
LEFT,steady,2.4057372428500288,0.8724585702530834
LEFT,steady,2.624192193329297,0.8724512947829748
LEFT,steady,2.405707249418257,0.8724487479073577
LEFT,steady,2.624189119329128,0.8724524913414413
LEFT,steady,2.4057245853018383,0.8724599551999894
STRAIGHT,pre-pulse,2.6249658910652465,-2.965851902958505e-06
RIGHT,1,2.4057187982474373,-0.6989488756538758
RIGHT,2,2.4057166785885844,-0.8911040028776926
RIGHT,3,2.4056860460187646,-0.8561753533276655
RIGHT,4,2.405720301948789,-0.8911155267135282
RIGHT,5,2.4057353537487414,-0.8560877692967845
RIGHT,steady,2.4057156669829842,-0.891126617246432
RIGHT,steady,2.187270262416993,-0.8561706666767206
RIGHT,steady,2.405723757365057,-0.9085873459458886
RIGHT,steady,2.1872458093817846,-0.8387208121108891
RIGHT,steady,2.405716242216821,-0.9085900041724315
RIGHT,steady,2.1872246011586736,-0.8387057196678551
RIGHT,steady,2.405710437617402,-0.9084857980971979
RIGHT,steady,2.187222394320536,-0.8387129526614903
STRAIGHT,pre-pulse,2.4063264527140262,0.0
LEFT,1,2.405723131016959,0.7328565754353593
LEFT,2,2.405734807789329,0.8724472550670974
LEFT,3,2.405721331279748,0.8724667199198883
LEFT,4,2.405744007890125,0.8724393714160925
LEFT,5,2.4056987499934146,0.8899094606233016
LEFT,steady,2.4057184047584093,0.8549868090792341
LEFT,steady,2.4057165071944455,0.9073679050398935
LEFT,steady,2.405717745839067,0.8375461607926624
LEFT,steady,2.405724741454806,0.9073566502400929
LEFT,steady,2.1872431544686166,0.8375415803280362
LEFT,steady,2.4057246039072733,0.8899032008766188
LEFT,steady,2.187251341790758,0.8550106071261343
LEFT,steady,2.4057300695015837,0.9073486281582817
STRAIGHT,pre-pulse,2.406344574899998,-5.149508464974417e-06
RIGHT,1,2.624211549784835,-0.7688438613086304
RIGHT,2,2.405708783591954,-0.8561815522933385
RIGHT,3,2.624199269835673,-0.891104117187312
RIGHT,4,2.4057114454291018,-0.8387185174317864
RIGHT,5,2.6242188265916635,-0.908492467023287
RIGHT,steady,2.4057183295768882,-0.838706702344151
RIGHT,steady,2.6242466993605333,-0.9085965148395281
RIGHT,steady,2.4057463761856877,-0.8561699476130276
RIGHT,steady,2.6241970290567567,-0.8736610758081778
RIGHT,steady,2.405431307427708,-0.8736443603969555
RIGHT,steady,2.4057257459424455,-0.8736540685951759
RIGHT,steady,2.4054302061271895,-0.8735502106373083
RIGHT,steady,2.4057218995390404,-0.8911247024552722
STRAIGHT,pre-pulse,2.406300447150629,3.4729872364636094e-06
LEFT,1,2.6241977272829256,0.8026482272247355
LEFT,2,2.405718047074756,0.8550040234597818
LEFT,3,2.624201588126072,0.8899180336135224
LEFT,4,2.405725096305724,0.8724366660865623
LEFT,5,2.6241877978163717,0.872454039266251
LEFT,steady,2.4057046704796523,0.8724469854278221
LEFT,steady,2.6242019005975528,0.872454022214054
LEFT,steady,2.405715559531452,0.8724495478137868
LEFT,steady,2.6242133387044824,0.8724508705207104
LEFT,steady,2.405725063003065,0.8724560768511811
LEFT,steady,2.405722197473314,0.8724527337076502
LEFT,steady,2.4057344527720224,0.8724545812396194
LEFT,steady,2.4057064710451717,0.7627892386984101
STRAIGHT,pre-pulse,2.1874976183373915,-3.1563749707252953e-06
RIGHT,1,2.40544270259909,-0.733856113837978
RIGHT,2,2.4057157595086225,-0.873638886027178
RIGHT,3,2.4056991404649866,-0.8387085835980019
RIGHT,4,2.405717887344303,-0.8735595776661644
RIGHT,5,2.405713273576156,-0.8736439452253788
RIGHT,steady,2.405702944122792,-0.8736476343473178
RIGHT,steady,2.405700844774826,-0.8736323885952251
RIGHT,steady,2.6241952909138475,-0.873667475675231
RIGHT,steady,2.4057190652900617,-0.8736450289981166
RIGHT,steady,2.405705686579207,-0.8736563647057976
RIGHT,steady,2.40571896794361,-0.8735930396544083
STRAIGHT,pre-pulse,2.624986413289079,-2.644677898899772e-06
LEFT,1,2.1872474664908728,0.6979695323388204
LEFT,2,2.405701543794254,0.9073502411594833
LEFT,3,2.187220487308942,0.837563881918534
LEFT,4,2.405708533690942,0.9073358275333456
LEFT,5,2.187236864198599,0.8375541039458062
LEFT,steady,2.405713182057009,0.907367043252798
LEFT,steady,2.187247316906561,0.8375359509863798
LEFT,steady,2.405720644567065,0.9073625226550437
LEFT,steady,2.187222086790113,0.8375375087042976
LEFT,steady,2.4057267628770864,0.9073727553636033
LEFT,steady,2.40572507967909,0.8724356121401087
LEFT,steady,2.624193914689453,0.8724422482540053
LEFT,steady,2.40572123993393,0.8375609827970685
STRAIGHT,pre-pulse,2.4063160224522906,-3.902579877923529e-06
RIGHT,1,2.405712965434146,-0.768796664936843
RIGHT,2,2.1872137667142653,-0.8387019564544569
RIGHT,3,2.4057198523182923,-0.9086252820480333
RIGHT,4,2.1872846116036295,-0.838686770564619
RIGHT,5,2.4057191674638423,-0.9086076717398084
RIGHT,steady,2.18721460087687,-0.8735404593427201
RIGHT,steady,2.4057193040148945,-0.873663849914047
RIGHT,steady,2.187218111144133,-0.8386979288224241
RIGHT,steady,2.4057231477983443,-0.9086016541405013
RIGHT,steady,2.1872324506295002,-0.8561576734554608
RIGHT,steady,2.4057120851119023,-0.89113385060244
RIGHT,steady,2.1872239686100827,-0.8387066313821006
RIGHT,steady,2.4057203116478068,-0.9085124400026103
RIGHT,steady,2.4054428192932322,-0.8911056606545138
LEFT,1,2.624462960290244,0.753827431481485
LEFT,2,2.405724332707211,0.8724511729311621
LEFT,3,2.624212140658452,0.8724594111682329
LEFT,4,2.4057281934407087,0.8724453498470819
LEFT,5,2.4057341211448136,0.8724393761623244
LEFT,steady,2.6242177845457073,0.8724660935624176
LEFT,steady,2.4057170870051383,0.8724503708634792
LEFT,steady,2.624193163395626,0.8898933212893745
LEFT,steady,2.40573866426572,0.8550087144603022
LEFT,steady,2.624192126279358,0.889900643699761
STRAIGHT,pre-pulse,2.4063176959307584,-6.962583159353386e-06
