action,duration_s,n_ticks,distance_cells,heading_change_radians,focused_all
STRAIGHT,0.039779999999998594,3,0.426247249405136,,True
RIGHT,0.059630000000000294,4,0.6393787735374262,,True
LEFT,0.060140000000000526,4,0.6393740044498362,,True
STRAIGHT,0.04000999999999877,3,0.42625125210540904,,True
RIGHT,0.0602999999999998,4,1.064580582920515,,True
LEFT,0.0798299999999994,5,0.8525009637391542,,True
STRAIGHT,0.07996999999999943,5,1.065620344708776,,True
RIGHT,0.060189999999998633,4,0.6393762446414354,,True
LEFT,0.06027999999999878,4,0.6393761596350619,,True
STRAIGHT,0.07994000000000057,5,1.0656271225853002,,True
RIGHT,0.039809999999999235,3,0.42625243995482687,,True
LEFT,0.060140000000000526,4,0.8522456998219198,,True
STRAIGHT,0.07996999999999943,5,1.0656294139205806,,True
RIGHT,0.06027999999999878,4,0.639115242155895,,True
LEFT,0.07998999999999867,5,0.8525031588509688,,True
STRAIGHT,0.10022999999999982,6,1.065626111161441,,True
RIGHT,0.10001000000000104,6,1.0653630258084448,,True
LEFT,0.10017999999999816,6,1.2784869439036628,,True
STRAIGHT,0.08030000000000115,5,0.852494269974648,,True
RIGHT,0.08004999999999995,5,0.8525067417218292,,True
LEFT,0.09978000000000264,6,1.0656278553099996,,True
STRAIGHT,0.11971000000000132,7,1.491879725428773,1.330471965044211e-06,True
RIGHT,0.060069999999999624,4,0.6393743414576064,,True
LEFT,0.08068000000000097,5,1.0653633570207672,,True
STRAIGHT,0.08030000000000115,5,1.06560793400983,,True
RIGHT,0.09991999999999734,6,1.278488801864025,,True
LEFT,0.10013000000000005,6,1.2785024936318334,,True
STRAIGHT,0.07997000000000298,5,1.0655994657286343,,True
RIGHT,0.09971000000000174,6,1.065353428952714,,True
LEFT,0.0800699999999992,5,0.852236892448183,,True
STRAIGHT,0.1000399999999999,6,1.0656365344191254,,True
RIGHT,0.09967999999999932,6,1.2785096707952948,,True
LEFT,0.09969999999999857,6,1.2784977958202164,,True
STRAIGHT,0.0995500000000007,6,1.0656375563718223,,True
RIGHT,0.08042999999999978,5,1.0653750329559675,,True
LEFT,0.08008999999999844,5,0.8524948482717581,,True
STRAIGHT,0.10011000000000081,6,1.0656392002039987,,True
RIGHT,0.07990000000000208,5,1.0653673300359452,,True
LEFT,0.05977000000000032,4,0.6393816956044119,,True
STRAIGHT,0.059789999999999566,4,0.6393671892438308,,True
STRAIGHT,0.020030000000005543,2,0.21311892898243537,,True
LEFT,0.11995999999999896,7,1.2784872698703187,0.03490136438233837,True
STRAIGHT,0.08009999999999451,5,0.8524932113556647,,True
RIGHT,0.10007000000000232,6,1.2784881691323413,,True
LEFT,0.1002200000000002,6,1.0653647090575782,,True
STRAIGHT,0.09967000000000326,6,1.0656327936446515,,True
RIGHT,0.07994000000000057,5,1.065372614949669,,True
LEFT,0.10047999999999746,6,1.2784865007236978,,True
STRAIGHT,0.09973999999999705,6,1.2787491804727793,,True
RIGHT,0.0799999999999983,5,1.0653760193884318,,True
LEFT,0.10034000000000276,6,1.2784952472172273,,True
STRAIGHT,0.0998999999999981,6,1.2787484006934093,,True
RIGHT,0.09984000000000037,6,1.4908497214121104,,True
LEFT,0.10016999999999854,6,1.491356590415957,,True
STRAIGHT,0.09991000000000128,6,1.2787202584959745,,True
RIGHT,0.0804199999999966,5,1.2782222644787895,,True
LEFT,0.14005000000000223,8,1.7047438350253,0.13959583981685109,True
STRAIGHT,0.09973999999999705,6,1.0656395854021912,,True
RIGHT,0.06014999999999304,4,0.8522393054305378,,True
LEFT,0.0996200000000016,6,1.0653695599475161,,True
STRAIGHT,0.09963000000000477,6,1.0656192514354892,,True
RIGHT,0.05971999999999866,4,0.8522337352342371,,True
LEFT,0.09985999999999251,6,1.278483487013291,,True
STRAIGHT,0.0996200000000016,6,1.0656422691672862,,True
RIGHT,0.08021999999999707,5,0.8522512987136812,,True
LEFT,0.08017000000000962,5,0.8525024830091562,,True
STRAIGHT,0.11996999999999503,7,1.4918587566879342,4.185026039493778e-06,True
RIGHT,0.08021999999999707,5,1.0653594689049326,,True
LEFT,0.10003000000000384,6,1.2784921448180941,,True
STRAIGHT,0.1401299999999992,8,1.7050167276060924,-3.3378197983324753e-06,True
RIGHT,0.08011999999999375,5,0.8524954843479748,,True
LEFT,0.09980999999999085,6,1.278495341255419,,True
STRAIGHT,0.11987000000000592,7,1.7050362632010814,1.0384882775937854e-07,True
RIGHT,0.07997000000000298,5,0.8525123731624953,,True
LEFT,0.12010999999999683,7,1.4905771744013392,0.034899653943439635,True
STRAIGHT,0.10004000000000701,6,1.2787378119189978,,True
RIGHT,0.12021000000000015,7,1.4915992917873615,-0.06988803808276511,True
LEFT,0.11973000000000411,7,1.4913581225285313,0.06978682811356274,True
STRAIGHT,0.11973000000000411,7,1.4919025496648786,2.8443521580268083e-06,True
RIGHT,0.10016000000000247,6,1.2784873333333335,,True
LEFT,0.1001499999999993,6,1.0653687832705971,,True
STRAIGHT,0.12009000000000469,7,1.4918938338741874,-4.796321314115559e-06,True
RIGHT,0.10021999999999309,6,1.2784890251696162,,True
LEFT,0.11988999999999805,7,1.70396157360767,0.06979493250848989,True
STRAIGHT,0.12001000000000772,7,1.4918750650130979,4.849778802329396e-06,True
RIGHT,0.1000800000000055,6,1.2787498880777717,,True
LEFT,0.10011000000000081,6,1.0653648823277964,,True
STRAIGHT,0.11999999999999034,7,1.491902253168232,4.633928818442712e-08,True
RIGHT,0.12014000000000635,7,1.7044929343046027,-0.10483666072532993,True
LEFT,0.12008000000000152,7,1.27849323624215,0.034902648240805245,True
STRAIGHT,0.12023999999999546,7,1.491897955112111,6.141072943499637e-07,True
RIGHT,0.09993000000000052,6,1.2784864525765964,,True
LEFT,0.12021000000000015,7,1.5074237101029058,0.06979294324851226,True
STRAIGHT,0.14006999999999437,8,1.9181092981948367,-3.642570656214872e-06,True
RIGHT,0.11968999999999141,7,1.491595501000022,-0.06989338195479156,True
LEFT,0.1000800000000055,6,1.2784869753456654,,True
STRAIGHT,0.12032999999999561,7,1.704974729659076,-3.94001314973913e-06,True
RIGHT,0.11984999999999957,7,1.4916086677086984,-0.10484348596786819,True
LEFT,0.11971000000001197,7,1.49160947905492,0.06979456067384815,True
STRAIGHT,0.11977999999999156,7,1.491885895414562,-1.3988810110276972e-14,True
RIGHT,0.15990000000000748,9,2.13073663940612,-0.27957221126681087,True
LEFT,0.08021999999999707,5,1.065368925439917,,True
STRAIGHT,0.0999000000000052,6,1.27873615787653,,True
RIGHT,0.11970999999999776,7,1.7044689715798516,-0.06989454742482248,True
LEFT,0.09959999999999525,6,1.4913619569068954,,True
STRAIGHT,0.11964999999999293,7,1.4918662743072066,-3.9800653142130216e-06,True
RIGHT,0.1403099999999995,8,1.7047362865460483,-0.13978563036460034,True
LEFT,0.1403099999999995,8,1.7047350745118854,0.17448793187832923,True
STRAIGHT,0.13975999999999544,8,1.7049814570633366,-5.863442209985692e-06,True
RIGHT,0.1798300000000097,10,2.3438420816556893,-0.3378656724962399,True
LEFT,0.09999000000000535,6,1.2784893381886269,,True
STRAIGHT,0.15985000000000582,9,1.9180951526991936,0.0,True
RIGHT,0.1801799999999929,10,2.1309830190699977,-0.2795675156202697,True
LEFT,0.12012,7,1.4916252580303102,0.06979737645294959,True
STRAIGHT,0.12027999999999395,7,1.2787249678052304,-8.507856197326191e-07,True
RIGHT,0.1398800000000051,8,1.704482761470616,-0.17472714550416457,True
LEFT,0.14006999999999437,8,2.1304697185857573,0.24429443422192199,True
STRAIGHT,0.13960999999999046,8,1.9181108813296703,-3.123049829856228e-06,True
RIGHT,0.09993999999998948,6,1.278490432846705,,True
LEFT,0.12031000000000347,7,1.4916196632878536,0.06979712922675896,True
STRAIGHT,0.12019000000000801,7,1.4918642489628002,0.0,True
RIGHT,0.07956000000000074,5,1.277718615120409,,True
LEFT,0.14016999999999769,8,1.9176157163393732,0.20939144469113846,True
STRAIGHT,0.11982999999999322,7,1.7049866967131035,4.591889923633019e-06,True
RIGHT,0.09975000000000023,6,1.2784862219844073,,True
LEFT,0.12010000000000787,7,1.278498638019825,0.034897439439074196,True
STRAIGHT,0.16008999999999673,9,1.9181123095310204,-1.9875252990075865e-06,True
RIGHT,0.11987000000000592,7,1.7044788224670362,-0.05998326673178833,True
LEFT,0.12039000000001465,7,1.4916103305613564,0.06979556494024686,True
STRAIGHT,0.16007999999999356,9,1.705006802791847,-2.780084666476057e-06,True
RIGHT,0.13965999999999212,8,1.9176078848588907,-0.19807783152763192,True
LEFT,0.13998000000000843,8,1.704726676098346,0.1395882967365274,True
STRAIGHT,0.13997999999998,8,1.9181219129299942,-7.12685533477142e-07,True
RIGHT,0.12002999999998565,7,1.7039550250936801,-0.059985383283003735,True
LEFT,0.1400199999999927,8,1.7047337174895871,0.17449077563086468,True
STRAIGHT,0.12018000000000484,7,1.7049879276894142,-6.217248937900877e-15,True
RIGHT,0.1001799999999946,6,1.2784993627906283,,True
LEFT,0.14012000000002445,8,1.4916324433247998,0.1046922851155756,True
STRAIGHT,0.1402400000000057,8,1.9180996005349504,2.8840374177718786e-06,True
RIGHT,0.11999999999997613,7,1.7047360119099146,-0.09492926759299536,True
LEFT,0.11977000000001681,7,1.491609630746556,0.06979172431445901,True
STRAIGHT,0.11981000000000108,7,1.491857799929488,2.275025170472844e-06,True
RIGHT,0.12009000000000469,7,1.491609882722649,-0.06988952398080461,True
LEFT,0.12027000000000498,7,1.491606162398276,0.06980457672632112,True
STRAIGHT,0.12027999999997974,7,1.7049596874520183,-7.105427357601002e-15,True
RIGHT,0.1400899999999865,8,1.9175927732883191,-0.1980832241321635,True
LEFT,0.1400600000000054,8,1.7047280827473372,0.13959361344632115,True
STRAIGHT,0.13980000000000814,8,1.70499219085343,3.7635089462639826e-06,True
RIGHT,0.10004000000000701,6,1.278490574496796,,True
LEFT,0.1204400000000021,7,1.704485536367431,0.13959309502144457,True
STRAIGHT,0.15967999999998028,9,2.131277589954531,-3.5394397528420996e-06,True
RIGHT,0.12008999999997627,7,1.4913544987448146,-0.10483873898781226,True
LEFT,0.14000999999998953,8,1.7047423490949376,0.1395932743618411,True
STRAIGHT,0.1400199999999927,8,1.9181520093209121,-1.65644582494906e-08,True
RIGHT,0.13982999999998924,8,1.7047436103470444,-0.12818292401474585,True
LEFT,0.11978999999999473,7,1.491615551957092,0.06979704768601191,True
STRAIGHT,0.12030999999998926,7,1.7050398870671706,0.0,True
RIGHT,0.13964999999998895,8,1.9178643190657945,-0.19808355640859654,True
LEFT,0.11957999999998492,7,1.4916209250562924,0.06979045309718468,True
STRAIGHT,0.1397399999999891,8,1.7050255421074567,4.440892098500626e-15,True
RIGHT,0.1399499999999989,8,1.7047370746746948,-0.13978780862061546,True
LEFT,0.1002900000000011,6,1.2784949938914896,,True
STRAIGHT,0.4799199999999928,25,6.180584225474077,1.109391509324098e-06,True
RIGHT,0.2602600000000166,14,3.409214795872531,-0.6988380845341561,True
LEFT,0.42024000000000683,22,5.752830493512149,1.4308271302132007,True
STRAIGHT,0.49990999999999985,26,6.393799006343371,-1.7588088485898101e-06,True
RIGHT,0.40003999999998996,21,5.326811910929484,-1.2813831909321436,True
LEFT,0.3801299999999799,20,4.9005957878740976,1.2214386741249068,True
STRAIGHT,0.4601600000000019,24,5.967456105915024,4.850641525028232e-06,True
RIGHT,0.28001999999997906,15,3.8354593551201175,-0.7938555398240152,True
LEFT,0.33987999999999374,18,4.474841016648575,1.0021365857773887,True
STRAIGHT,0.39993999999998664,21,5.114965441026162,-1.3038411330323907e-06,True
RIGHT,0.260249999999985,14,3.1963613548405805,-0.6290209897544637,True
LEFT,0.36006000000000427,19,4.900555205539804,1.1865361248035564,True
STRAIGHT,0.4602599999999768,24,6.18070483893334,2.9235924451365136e-06,True
RIGHT,0.259619999999984,14,3.409230948231037,-0.6639759470960488,True
LEFT,0.40026000000000295,21,5.113935991932058,1.256326663406253,True
STRAIGHT,0.37991000000002373,20,4.901947622032188,4.551351453940811e-06,True
RIGHT,0.36017000000001076,19,4.900325458275999,-1.1182757380580433,True
LEFT,0.24004999999999654,13,2.7701199953372395,0.5234793530176385,True
STRAIGHT,0.29994000000002075,16,3.8362332238334993,-1.0528606984028244e-06,True
RIGHT,0.17998000000000047,10,2.3438451180867794,-0.3494630122044602,True
LEFT,0.2802599999999984,15,3.6223559010689157,0.7677507344443293,True
STRAIGHT,0.27994999999998527,15,3.6231488304110493,-1.84297022087776e-14,True
RIGHT,0.24019000000001256,13,2.983218996361899,-0.5591445805263067,True
LEFT,0.2596100000000092,14,3.4092184788644597,0.6979771350728186,True
STRAIGHT,0.38017999999999574,20,5.115113194104116,-3.174379715087383e-06,True
RIGHT,0.22005000000001473,12,2.769077643129006,-0.47933141292934345,True
LEFT,0.3601500000000044,19,4.474848186061678,1.0469450707460797,True
STRAIGHT,0.3199199999999962,17,4.049422439258812,4.383632285165362e-06,True
RIGHT,0.37995999999998276,20,5.113708100098619,-1.2464558117163098,True
LEFT,0.3399000000000001,18,4.474593749208406,1.0469370074995548,True
STRAIGHT,0.30029000000001815,16,3.836296530273604,1.6978405699141774e-06,True
RIGHT,0.37982999999999834,20,5.1129087047755055,-1.2231041165504637,True
LEFT,0.3402100000000132,18,4.474593940617968,1.0120329289790486,True
STRAIGHT,0.5398099999999886,28,6.820010338924152,1.6431300764452317e-14,True
RIGHT,0.4398000000000195,23,5.965968942797298,-1.5260165897588576,True
LEFT,0.3200400000000059,17,4.047795222546723,0.9422411025957413,True
STRAIGHT,0.2601800000000196,14,3.410069709723414,-1.011996892730238e-06,True
RIGHT,0.3199700000000121,17,4.261449675233162,-0.9319468000612727,True
LEFT,0.39976000000001477,21,5.3268355060263035,1.32612488017939,True
STRAIGHT,0.420029999999997,22,5.541019916498195,-1.8858621353423644e-06,True
RIGHT,0.32018999999999664,17,4.47456797640925,-1.0018326101745767,True
LEFT,0.4803200000000061,25,6.179375356494199,1.6053311573838989,True
STRAIGHT,0.2796599999999785,15,3.836304317198981,-9.054174241462931e-07,True
RIGHT,0.35955999999998767,19,4.686897239520456,-1.1182556909650392,True
LEFT,0.3200300000000027,17,4.048598628647784,0.9073534116901573,True
STRAIGHT,0.27980999999999767,15,3.836257492423046,-1.9099814778655855e-06,True
RIGHT,0.4001700000000028,21,4.189481677165596,-1.4780112828160072,True
RIGHT,0.34009000000000356,18,4.474583940169243,-1.0367876308676327,True
LEFT,0.45977999999999497,24,5.9653548330609745,1.5355087918528065,True
STRAIGHT,0.39990000000000236,21,5.328037563175308,-9.572742445396187e-07,True
RIGHT,0.2798399999999788,15,3.622352023435645,-0.7688420728452958,True
LEFT,0.41976999999999975,22,5.5399848712059905,1.3959013943053782,True
STRAIGHT,0.40001000000000886,21,5.114897705774967,-8.860518152520314e-07,True
RIGHT,0.3999900000000025,21,5.32679627619043,-1.3279488450853778,True
LEFT,0.3600799999999822,19,4.900620549935655,1.141754411619477,True
STRAIGHT,0.4797499999999957,25,6.18054201364822,4.869386015737831e-06,True
RIGHT,0.4398000000000195,23,5.966217989739616,-1.5260268093548544,True
LEFT,0.5599400000000117,29,7.245477052374019,1.9542629757055665,True
STRAIGHT,0.4198200000000156,22,5.541108878764176,3.627452907828399e-06,True
RIGHT,0.41996999999997797,22,5.539903281957154,-1.397844087850365,True
LEFT,0.4400499999999852,23,5.9659474740780745,1.500623398383409,True
STRAIGHT,0.379809999999992,20,5.115016795192093,2.465422583863841e-06,True
RIGHT,0.44013000000001057,23,5.965656107497857,-1.5260349203775747,True
LEFT,0.5797400000000152,30,7.670723271160595,2.082295526077367,True
STRAIGHT,0.4998600000000124,26,6.606979491911442,0.0,True
RIGHT,0.25966999999999985,14,3.622298940528883,-0.7239866256652081,True
LEFT,0.5000900000000001,26,6.605289040099851,1.7448949137143017,True
STRAIGHT,0.4796400000000176,25,6.1806910252037035,-1.3165789525260152e-06,True
RIGHT,0.44044999999999845,23,5.966178622425784,-1.4927643217633544,True
LEFT,0.5599799999999959,29,7.244179485152647,1.9542994724465892,True
STRAIGHT,0.4202200000000005,22,5.5414626245004355,-1.4450299632429164e-06,True
RIGHT,0.5197900000000004,27,6.8184993249230486,-1.8172076836172066,True
LEFT,0.4602199999999925,24,5.966218737800624,1.5355314872882757,True
STRAIGHT,0.3598700000000008,19,4.475582129035054,-8.894446796858801e-07,True
RIGHT,0.5196700000000192,27,7.030238467692944,-1.8072848617617208,True
LEFT,0.5002100000000098,26,6.605332667121832,1.74490542758241,True
STRAIGHT,0.8401900000000069,43,11.295277561733984,0.0,True
RIGHT,1.100149999999985,56,14.488081469194551,-4.321700896667673,True
LEFT,1.179949999999991,60,15.767376129982415,4.711245713928927,True
STRAIGHT,0.74024,38,9.804079897773983,3.879460943601032e-07,True
RIGHT,1.1997399999999914,61,16.1928050361906,-4.822551521482937,True
LEFT,1.019929999999988,52,13.636559104717216,4.048155038668524,True
STRAIGHT,0.8800800000000208,45,11.722011888317793,-3.3451195675660017e-06,True
RIGHT,1.2597500000000252,64,16.40619852115656,-4.997280678014983,True
LEFT,0.7797899999999913,40,10.227436792845745,2.931448502795016,True
STRAIGHT,0.8799799999999891,45,11.509087358998812,-1.4395275602652191e-06,True
RIGHT,1.04001999999997,53,13.8492389656325,-4.078659904603932,True
LEFT,0.9600500000000238,49,12.784368778957065,3.7574246031349907,True
STRAIGHT,0.57974999999999,30,7.672226573741285,0.0,True
RIGHT,1.0798200000000406,55,14.488291466470567,-4.321605008852818,True
LEFT,0.920029999999997,47,12.14500905286334,3.559596102982013,True
STRAIGHT,1.1401900000000182,58,15.131943863573163,4.180179676072093e-06,True
RIGHT,1.2000700000000393,61,15.980784835179355,-4.810886995902201,True
LEFT,1.1999999999999886,61,15.981209760180672,4.7461285118354954,True
STRAIGHT,0.8401099999999815,43,10.86960451615537,-2.6079923319821674e-06,True
RIGHT,1.039700000000039,53,13.636856103591862,-4.053630249506735,True
LEFT,0.9803999999999746,50,13.210317595970013,3.8736437497600456,True
STRAIGHT,1.0199099999999817,52,13.639974159561996,-1.5281960720203713e-06,True
RIGHT,1.0998599999999783,56,14.702020279756066,-4.3681699760673105,True
LEFT,0.9802099999999996,50,13.209882094392748,3.8736820754890986,True
STRAIGHT,0.8799099999999953,45,11.50855474799455,3.498879756036466e-06,True
RIGHT,0.9198100000000409,47,12.358150575187015,-3.5993284890428825,True
LEFT,0.9198700000000031,47,12.145280421323855,3.559611951963034,True
STRAIGHT,0.8998299999999517,46,11.93485854168122,1.5654144647214707e-14,True
RIGHT,0.9599099999999794,49,12.78414286065462,-3.739132961011983,True
LEFT,1.059660000000008,54,14.062386836992355,4.187773043175647,True
STRAIGHT,0.8603599999999574,44,11.508959584195797,0.0,True
RIGHT,1.0797999999999774,55,14.276016154276872,-4.263341053904777,True
LEFT,1.0600499999999897,54,13.850017444905678,4.117989315372347,True
STRAIGHT,1.0200100000000134,52,13.639912850256716,-2.628195034937164e-06,True
RIGHT,0.9400699999999915,48,12.358391881444298,-3.6226733942676477,True
LEFT,1.500249999999994,76,19.815451443633513,6.072270910437188,True
STRAIGHT,1.0402100000000019,53,13.640399184930653,-2.899351725815791e-06,True
RIGHT,0.8202099999999746,42,10.86678765648566,-3.1335562003384863,True
LEFT,0.8600100000000452,44,11.079931891190741,3.2455362491476243,True
STRAIGHT,0.9400599999999599,48,12.360988864233413,2.4202076316370835e-06,True
RIGHT,0.9999099999999999,51,13.423512368973377,-3.9838329655338054,True
LEFT,1.05962999999997,54,13.849432380574182,4.117977098486164,True
STRAIGHT,0.9800099999999929,50,13.00095590502059,-2.4954918727004838e-06,True
RIGHT,1.1399099999999862,58,15.34003746997386,-4.612901183196255,True
LEFT,1.1403700000000185,58,15.127503384257146,4.536769514486446,True
STRAIGHT,0.8203300000000127,42,10.869634027931768,3.074353524423756e-05,True
RIGHT,1.0196399999999812,52,13.423738172120357,-3.983838366543544,True
LEFT,1.0201700000000073,52,13.423484188690358,3.978385091119948,True
STRAIGHT,0.9999299999999494,51,13.21369560798026,-6.217248937900877e-15,True
RIGHT,1.0799799999999777,55,14.488867722290163,-4.298359812397816,True
LEFT,1.040140000000008,53,13.849207574491448,4.117955909772532,True
STRAIGHT,1.0600999999999772,54,14.066524958541333,3.115563655953224e-06,True
RIGHT,1.0401599999999576,53,13.849764219920495,-4.123640584512924,True
LEFT,0.9602600000000052,49,12.996735956867145,3.8038748163213123,True
STRAIGHT,1.159840000000031,59,15.369045527858715,2.4424906541753444e-14,True
RIGHT,1.1799899999999752,60,15.766300773356422,-4.70782398973084,True
LEFT,1.8204700000000003,92,24.076686623816855,7.50308214491989,True
STRAIGHT,1.0598100000000272,54,14.066368154052684,-4.853211435354443e-06,True
RIGHT,1.060069999999996,54,13.849982958320819,-4.123517755012972,True
LEFT,1.2200799999999958,62,15.980705015229733,4.8159120230856525,True
STRAIGHT,1.2198399999999765,62,15.984488511614167,7.081584373347383e-07,True
RIGHT,1.160220000000038,59,15.341043603559465,-4.612773709310473,True
LEFT,1.13969000000003,58,15.127775684938085,4.501851775584764,True
STRAIGHT,1.0601399999999899,54,14.279603823944216,-1.5249517320015116e-06,True
RIGHT,1.259710000000041,64,16.832411283491467,-5.067080165263244,True
LEFT,1.2001200000000267,61,15.766330571363168,4.781066379147616,True
STRAIGHT,1.1399900000000116,58,15.131913423547454,1.8359962122294071e-06,True
RIGHT,1.2799699999999916,65,17.045847325463786,-5.1253902067807715,True
LEFT,1.199510000000032,61,15.76724828029653,4.7810147116984805,True
STRAIGHT,2.5799199999999587,130,34.31428191651816,-2.778194164929082e-06,True
RIGHT,3.080229999999972,155,40.697393129520755,-12.929857010973702,True
LEFT,3.8202400000000125,192,50.709572070715616,16.227594519843056,True
STRAIGHT,2.8601899999999887,144,37.93709626439894,5.476118722924639e-07,True
RIGHT,3.139629999999954,158,41.97544409004064,-13.304339667685026,True
LEFT,3.1402500000000373,158,41.76196849336003,13.226365412099641,True
STRAIGHT,2.6202900000000113,132,34.73972896567153,-1.704254605439104e-06,True
RIGHT,3.5602399999999648,179,47.301737734036074,-15.096488817653633,True
LEFT,4.199829999999963,211,55.82514255234351,17.867832643807517,True
STRAIGHT,3.000120000000038,151,39.85430543363479,3.6569800031249766e-06,True
RIGHT,3.199610000000007,161,42.61464342325107,-13.547251549996757,True
LEFT,3.139949999999999,158,41.9745190317251,13.286229187802727,True
STRAIGHT,2.4803400000000124,125,33.033807128080966,1.2820318626705074e-06,True
RIGHT,4.0001100000000065,201,53.26833058669562,-17.041765251447845,True
LEFT,3.2403900000000476,163,43.252684319682366,13.738238017252907,True
STRAIGHT,2.5798699999999712,130,34.31340797160632,1.509903313490213e-14,True
RIGHT,3.0400700000000143,153,40.27043075559064,-12.790051090974725,True
LEFT,3.16019,159,41.97518668536787,13.331037460255484,True
STRAIGHT,2.6999000000000137,136,35.80543218249152,-1.4652847424301285e-07,True
RIGHT,4.2798799999999915,215,57.10231406856904,-18.31140649251837,True
LEFT,3.67971,185,48.79230980421074,15.564537658231336,True
STRAIGHT,2.619850000000042,132,34.968729896646664,5.268644443334747e-06,True
RIGHT,3.3600299999999947,169,44.958187320510774,-14.29269824883941,True
LEFT,3.3199699999999552,167,44.106186466890605,14.02901116349831,True
STRAIGHT,2.9598399999999856,149,39.00274373170743,2.0685093879702077e-06,True
RIGHT,3.760340000000042,189,50.07219822480488,-15.960126419285189,True
LEFT,4.480079999999987,225,59.87255238229146,19.14912379425682,True
STRAIGHT,3.2797299999999723,165,43.689451177184395,-2.0183226512315855e-06,True
RIGHT,3.53992999999997,178,47.089203474968144,-14.991645133825664,True
LEFT,3.640039999999999,183,48.584716452899976,15.494720775087812,True
