action,tick,pulse_id,window_index,distance_cells,heading_change_radians
STRAIGHT,pre-pulse,movement_calibration_steering.csv:431,0,2.624219493163128,
STRAIGHT,pre-pulse,movement_calibration_steering.csv:466,0,2.850787933764969,
STRAIGHT,pre-pulse,movement_calibration_steering.csv:513,0,2.8424536075889573,
STRAIGHT,pre-pulse,movement_calibration_steering.csv:550,0,2.6272672335666427,
STRAIGHT,pre-pulse,movement_calibration_steering.csv:600,0,2.6263753356788633,
STRAIGHT,pre-pulse,movement_calibration_steering.csv:637,0,2.8452793550864612,
STRAIGHT,pre-pulse,movement_calibration_steering.csv:682,0,2.6241021493937065,
STRAIGHT,pre-pulse,movement_calibration_steering.csv:720,0,2.8440627735967063,
STRAIGHT,pre-pulse,movement_calibration_steering.csv:766,0,2.8465278551434583,
STRAIGHT,pre-pulse,movement_calibration_steering.csv:804,0,2.625636848101909,
STRAIGHT,pre-pulse,movement_calibration_steering.csv:848,0,2.6244574296320966,
STRAIGHT,pre-pulse,movement_calibration_steering.csv:887,0,2.841195947067999,
STRAIGHT,pre-pulse,movement_calibration_steering.csv:930,0,2.8440716081614905,
STRAIGHT,pre-pulse,movement_calibration_steering.csv:966,0,2.845617231350555,
STRAIGHT,pre-pulse,movement_calibration_steering.csv:1007,0,2.849663803547544,
STRAIGHT,pre-pulse,movement_calibration_steering.csv:1046,0,2.8407933241424588,
STRAIGHT,pre-pulse,movement_calibration_steering.csv:1088,0,2.844777739198167,
STRAIGHT,pre-pulse,movement_calibration_steering.csv:1126,0,2.8422313310833656,
STRAIGHT,pre-pulse,movement_calibration_steering.csv:1164,0,2.621971900405303,
STRAIGHT,pre-pulse,movement_calibration_steering.csv:1203,0,2.845240438698634,
STRAIGHT,pre-pulse,movement_calibration_steering.csv:1242,0,2.846853297861831,
STRAIGHT,pre-pulse,movement_calibration_steering.csv:1285,0,2.843534026249027,
STRAIGHT,pre-pulse,movement_calibration_steering.csv:1564,0,2.8389198693933952,
STRAIGHT,pre-pulse,movement_calibration_steering.csv:1589,0,2.6216826276967287,
STRAIGHT,pre-pulse,movement_calibration_steering.csv:1633,0,2.844295278328257,
STRAIGHT,pre-pulse,movement_calibration_steering.csv:1670,0,2.623862288409743,
STRAIGHT,pre-pulse,movement_calibration_steering.csv:1719,0,2.8409854372240293,
STRAIGHT,pre-pulse,movement_calibration_steering.csv:1761,0,2.6271208347049724,
STRAIGHT,pre-pulse,movement_calibration_steering.csv:1805,0,2.6257557541322907,
STRAIGHT,pre-pulse,movement_calibration_steering.csv:1851,0,2.8420131382175877,
STRAIGHT,pre-pulse,movement_calibration_steering.csv:1896,0,2.842610075449793,
STRAIGHT,pre-pulse,movement_calibration_steering.csv:1943,0,2.6229081381298025,
STRAIGHT,pre-pulse,movement_calibration_steering.csv:1988,0,2.84721326211896,
STRAIGHT,pre-pulse,movement_calibration_steering.csv:2029,0,2.846405944331628,
STRAIGHT,pre-pulse,movement_calibration_steering.csv:2070,0,2.8437368605043547,
STRAIGHT,pre-pulse,movement_calibration_steering.csv:2110,0,2.84134113437556,
STRAIGHT,pre-pulse,movement_calibration_steering.csv:2149,0,2.8474346692022117,
STRAIGHT,pre-pulse,movement_calibration_steering.csv:2185,0,2.844565327903011,
STRAIGHT,pre-pulse,movement_calibration_steering.csv:2226,0,2.8437126226645937,
STRAIGHT,pre-pulse,movement_calibration_steering.csv:2263,0,2.8425885435557174,
STRAIGHT,pre-pulse,movement_calibration_steering.csv:2307,0,2.8416553684350934,
STRAIGHT,pre-pulse,movement_calibration_steering.csv:2343,0,2.8425262846705524,
STRAIGHT,pre-pulse,movement_calibration_steering.csv:2381,0,2.8405577033815446,
STRAIGHT,pre-pulse,movement_calibration_steering.csv:2421,0,2.6264457129972034,
STRAIGHT,pre-pulse,movement_calibration_steering.csv:2458,0,2.8464761476663427,
STRAIGHT,pre-pulse,movement_calibration_steering.csv:2496,0,2.630418402444755,
STRAIGHT,pre-pulse,movement_calibration_steering.csv:2535,0,2.620835798291053,
STRAIGHT,pre-pulse,movement_calibration_steering.csv:2575,0,2.8419892659633095,
RIGHT,1,movement_calibration_steering.csv:2842,1,2.846559323530533,-0.8236293621427296
STRAIGHT,pre-pulse,movement_calibration_steering.csv:2842,0,2.6293804076811327,
LEFT,1,movement_calibration_steering.csv:2887,1,2.8394474262180673,0.8025671924909622
LEFT,2,movement_calibration_steering.csv:2887,2,2.409389567801586,0.8724699349646636
STRAIGHT,pre-pulse,movement_calibration_steering.csv:2887,0,2.6239011329977955,
RIGHT,1,movement_calibration_steering.csv:2944,1,2.8405702547028264,-0.8049091903577996
RIGHT,2,movement_calibration_steering.csv:2944,2,2.626952214274864,-0.8375347448538859
RIGHT,3,movement_calibration_steering.csv:2944,3,2.8432787674461477,-0.9086185522436743
STRAIGHT,pre-pulse,movement_calibration_steering.csv:2944,0,2.626196767755604,
LEFT,1,movement_calibration_steering.csv:3004,1,2.844691277342614,0.8567166559629119
LEFT,2,movement_calibration_steering.csv:3004,2,2.625679312149245,0.8707266863470626
LEFT,3,movement_calibration_steering.csv:3004,3,2.84324474302088,0.8386764330451952
LEFT,4,movement_calibration_steering.csv:3004,4,2.622549194001229,0.8726112609200496
STRAIGHT,pre-pulse,movement_calibration_steering.csv:3004,0,2.6251921139667846,
RIGHT,1,movement_calibration_steering.csv:3084,1,2.8397573783373686,-0.8724245942169038
RIGHT,2,movement_calibration_steering.csv:3084,2,2.8437046294878168,-0.8390127009560349
RIGHT,3,movement_calibration_steering.csv:3084,3,2.623697866544886,-0.8393984132698389
RIGHT,4,movement_calibration_steering.csv:3084,4,2.8434625950053753,-0.8731223357480538
STRAIGHT,pre-pulse,movement_calibration_steering.csv:3084,0,2.624994168644771,
LEFT,1,movement_calibration_steering.csv:3170,1,2.6266609593915096,0.7848141356831896
LEFT,2,movement_calibration_steering.csv:3170,2,2.841990004125208,0.9079733937458812
LEFT,3,movement_calibration_steering.csv:3170,3,2.6218464449859633,0.8385699306414729
LEFT,4,movement_calibration_steering.csv:3170,4,2.8459853443683585,0.9076399371399431
STRAIGHT,pre-pulse,movement_calibration_steering.csv:3170,0,2.840860093681312,
RIGHT,1,movement_calibration_steering.csv:3262,1,2.6237912439054134,-0.8027451783163047
RIGHT,2,movement_calibration_steering.csv:3262,2,2.841321298004673,-0.8735611469841018
RIGHT,3,movement_calibration_steering.csv:3262,3,2.624360965941169,-0.8731754509528367
STRAIGHT,pre-pulse,movement_calibration_steering.csv:3262,0,2.8429001005823653,
LEFT,1,movement_calibration_steering.csv:3338,1,2.849006530502463,0.8366177532329555
LEFT,2,movement_calibration_steering.csv:3338,2,2.6218294285475428,0.872642076576038
LEFT,3,movement_calibration_steering.csv:3338,3,2.8389810917921876,0.873237699461429
STRAIGHT,pre-pulse,movement_calibration_steering.csv:3338,0,2.6229904000662607,
RIGHT,1,movement_calibration_steering.csv:3410,1,2.8451375900455647,-0.7344925779776981
RIGHT,2,movement_calibration_steering.csv:3410,2,2.6236555863133235,-0.9432790008462744
RIGHT,3,movement_calibration_steering.csv:3410,3,2.841494554028162,-0.8382590243985608
STRAIGHT,pre-pulse,movement_calibration_steering.csv:3410,0,2.852239948712082,
LEFT,1,movement_calibration_steering.csv:3473,1,2.8447226402984818,0.8650414731487952
LEFT,2,movement_calibration_steering.csv:3473,2,2.6419632230884136,0.8376584400727585
LEFT,3,movement_calibration_steering.csv:3473,3,2.8438565403725318,0.9080693533182238
STRAIGHT,pre-pulse,movement_calibration_steering.csv:3473,0,2.6223806295939616,
RIGHT,1,movement_calibration_steering.csv:3544,1,2.627934944168773,-0.8303969970673621
RIGHT,2,movement_calibration_steering.csv:3544,2,2.843976055845705,-0.8740041130751088
RIGHT,3,movement_calibration_steering.csv:3544,3,2.6181696722772205,-0.8733627452277084
STRAIGHT,pre-pulse,movement_calibration_steering.csv:3544,0,2.8442586541524095,
LEFT,1,movement_calibration_steering.csv:3604,1,2.623325449344891,0.7884641491394655
LEFT,2,movement_calibration_steering.csv:3604,2,2.842604834378335,0.8726021277083443
LEFT,3,movement_calibration_steering.csv:3604,3,2.84422545548235,0.8722834910651343
STRAIGHT,pre-pulse,movement_calibration_steering.csv:3604,0,2.8484489836932223,
RIGHT,1,movement_calibration_steering.csv:3663,1,2.624904794558088,-0.7566043187330695
RIGHT,2,movement_calibration_steering.csv:3663,2,2.845762461182749,-0.871363666226161
RIGHT,3,movement_calibration_steering.csv:3663,3,2.8435625560499656,-0.875155716098484
STRAIGHT,pre-pulse,movement_calibration_steering.csv:3663,0,2.844849358083917,
LEFT,1,movement_calibration_steering.csv:3720,1,2.625393472652071,0.7888518405480714
LEFT,2,movement_calibration_steering.csv:3720,2,2.8419607170041647,0.8727090683188925
LEFT,3,movement_calibration_steering.csv:3720,3,2.626119629410233,0.8717541371668689
STRAIGHT,pre-pulse,movement_calibration_steering.csv:3720,0,2.84552068495841,
RIGHT,1,movement_calibration_steering.csv:3777,1,2.62426914501375,-0.6987998437530747
RIGHT,2,movement_calibration_steering.csv:3777,2,2.8438240821480667,-0.9093838905892535
RIGHT,3,movement_calibration_steering.csv:3777,3,2.6256555559046726,-0.8388797597644633
STRAIGHT,pre-pulse,movement_calibration_steering.csv:3777,0,2.8430399654675313,
LEFT,1,movement_calibration_steering.csv:3839,1,2.8414183079045943,0.753755455650386
LEFT,2,movement_calibration_steering.csv:3839,2,2.6251233432738594,0.9068683355098948
LEFT,3,movement_calibration_steering.csv:3839,3,2.845015246307622,0.838470799205081
STRAIGHT,pre-pulse,movement_calibration_steering.csv:3839,0,2.630119860090039,
RIGHT,1,movement_calibration_steering.csv:3900,1,2.846215407124422,-0.7902437834470732
RIGHT,2,movement_calibration_steering.csv:3900,2,2.625099016064586,-0.8736167718110304
RIGHT,3,movement_calibration_steering.csv:3900,3,2.83915098159465,-0.9088881129766406
STRAIGHT,pre-pulse,movement_calibration_steering.csv:3900,0,2.6354286117993775,
LEFT,1,movement_calibration_steering.csv:3962,1,2.8434899740717903,0.8231465420641045
LEFT,2,movement_calibration_steering.csv:3962,2,2.6166007312998434,0.8370353929889879
LEFT,3,movement_calibration_steering.csv:3962,3,2.844835858908779,0.9079365978954244
LEFT,4,movement_calibration_steering.csv:3962,4,2.6279572842117442,0.8379911719132882
STRAIGHT,pre-pulse,movement_calibration_steering.csv:3962,0,2.619341506880973,
RIGHT,1,movement_calibration_steering.csv:4041,1,2.849272912392741,-0.8256965801775471
RIGHT,2,movement_calibration_steering.csv:4041,2,2.623620550374,-0.8382968383979614
STRAIGHT,pre-pulse,movement_calibration_steering.csv:4041,0,2.6215992804712243,
LEFT,1,movement_calibration_steering.csv:4093,1,2.8428895593275194,0.8238438076655556
LEFT,2,movement_calibration_steering.csv:4093,2,2.8417617071733003,0.8366792343376703
LEFT,3,movement_calibration_steering.csv:4093,3,2.6260144640285055,0.8730874072549604
STRAIGHT,pre-pulse,movement_calibration_steering.csv:4093,0,2.6330950393460704,
RIGHT,1,movement_calibration_steering.csv:4153,1,2.6236005420563915,-0.7896105787983654
RIGHT,2,movement_calibration_steering.csv:4153,2,2.8453604662104697,-0.8743193478919231
STRAIGHT,pre-pulse,movement_calibration_steering.csv:4153,0,2.8466218673019066,
LEFT,1,movement_calibration_steering.csv:4205,1,2.629094093524639,0.7892511999530127
LEFT,2,movement_calibration_steering.csv:4205,2,2.8434673945572513,0.8734196868888136
STRAIGHT,pre-pulse,movement_calibration_steering.csv:4205,0,2.8443572793632055,
RIGHT,1,movement_calibration_steering.csv:4274,1,2.838192349118072,-0.8240516474076618
RIGHT,2,movement_calibration_steering.csv:4274,2,2.6293080890679534,-0.839135611151506
STRAIGHT,pre-pulse,movement_calibration_steering.csv:4274,0,2.844729995428502,
LEFT,1,movement_calibration_steering.csv:4328,1,2.8362436423841677,0.8294587659091
LEFT,2,movement_calibration_steering.csv:4328,2,2.632909611245831,0.8734146505873435
STRAIGHT,pre-pulse,movement_calibration_steering.csv:4328,0,2.8439668886714675,
RIGHT,1,movement_calibration_steering.csv:4388,1,2.6238004867535363,-0.8315855583158891
RIGHT,2,movement_calibration_steering.csv:4388,2,2.8424003401274742,-0.8737317166497398
STRAIGHT,pre-pulse,movement_calibration_steering.csv:4388,0,2.846322684754478,
LEFT,1,movement_calibration_steering.csv:4439,1,2.8432702797061826,0.8021758726711319
LEFT,2,movement_calibration_steering.csv:4439,2,2.617754516444939,0.8733813368452661
STRAIGHT,pre-pulse,movement_calibration_steering.csv:4439,0,2.6161790526147444,
RIGHT,1,movement_calibration_steering.csv:4500,1,2.6267189256165557,-0.7554125440988027
RIGHT,2,movement_calibration_steering.csv:4500,2,2.8361802923138937,-0.9070548817023605
STRAIGHT,pre-pulse,movement_calibration_steering.csv:4500,0,2.627847988025854,
LEFT,1,movement_calibration_steering.csv:4551,1,2.841313708619272,0.8242443912979387
LEFT,2,movement_calibration_steering.csv:4551,2,2.6267655719181198,0.8370162027876757
STRAIGHT,pre-pulse,movement_calibration_steering.csv:4551,0,2.6341934953517456,
RIGHT,1,movement_calibration_steering.csv:4606,1,2.8445094088734924,-0.7899778227974046
RIGHT,2,movement_calibration_steering.csv:4606,2,2.625186697733246,-0.8737910872769983
STRAIGHT,pre-pulse,movement_calibration_steering.csv:4606,0,3.0645224612060487,
LEFT,1,movement_calibration_steering.csv:4668,1,2.8423075076675617,0.8651314734536331
STRAIGHT,pre-pulse,movement_calibration_steering.csv:4668,0,2.6267063698250492,
LEFT,1,movement_calibration_steering.csv:4734,1,2.6267351763721973,0.7554929683609463
STRAIGHT,pre-pulse,movement_calibration_steering.csv:4734,0,2.8460104720217543,
RIGHT,1,movement_calibration_steering.csv:4927,1,2.8464880649691735,-0.7578360297226459
STRAIGHT,pre-pulse,movement_calibration_steering.csv:4927,0,2.408852934515379,
LEFT,1,movement_calibration_steering.csv:4964,1,2.848030193181436,0.8550360589603484
LEFT,2,movement_calibration_steering.csv:4964,2,2.62014704035029,0.8379137173798522
STRAIGHT,pre-pulse,movement_calibration_steering.csv:4964,0,2.622868815342063,
RIGHT,1,movement_calibration_steering.csv:5013,1,2.624034123361708,-0.7547766907672167
RIGHT,2,movement_calibration_steering.csv:5013,2,2.8425146622576234,-0.9093187580701616
STRAIGHT,pre-pulse,movement_calibration_steering.csv:5013,0,2.8412611635085425,
LEFT,1,movement_calibration_steering.csv:5057,1,2.6291442196811703,0.756105110116233
LEFT,2,movement_calibration_steering.csv:5057,2,2.8400761053932504,0.9065437639507555
STRAIGHT,pre-pulse,movement_calibration_steering.csv:5057,0,2.8422302651558833,
RIGHT,1,movement_calibration_steering.csv:5111,1,2.6222216320447727,-0.7543828431017595
RIGHT,2,movement_calibration_steering.csv:5111,2,2.843370908120956,-0.9091204382601865
STRAIGHT,pre-pulse,movement_calibration_steering.csv:5111,0,2.8437973945734942,
LEFT,1,movement_calibration_steering.csv:5156,1,2.8412182392526666,0.8231907357951784
LEFT,2,movement_calibration_steering.csv:5156,2,2.8452421958162097,0.8374008774029569
STRAIGHT,pre-pulse,movement_calibration_steering.csv:5156,0,2.621704577883488,
RIGHT,1,movement_calibration_steering.csv:5201,1,2.840147466778129,-0.8233992696352971
RIGHT,2,movement_calibration_steering.csv:5201,2,2.6234388600044922,-0.8390559657595491
STRAIGHT,pre-pulse,movement_calibration_steering.csv:5201,0,2.6225852313702784,
LEFT,1,movement_calibration_steering.csv:5246,1,2.624475915346334,0.7543834993453398
LEFT,2,movement_calibration_steering.csv:5246,2,2.846606199888367,0.9078208244610164
STRAIGHT,pre-pulse,movement_calibration_steering.csv:5246,0,2.841687498507166,
RIGHT,1,movement_calibration_steering.csv:5290,1,2.6220869880340336,-0.7323316528500875
RIGHT,2,movement_calibration_steering.csv:5290,2,2.845023303239203,-0.9100130218761384
STRAIGHT,pre-pulse,movement_calibration_steering.csv:5290,0,2.843350774738645,
LEFT,1,movement_calibration_steering.csv:5337,1,2.839939197723296,0.8227459775745322
LEFT,2,movement_calibration_steering.csv:5337,2,2.62715851194123,0.8376282342494785
STRAIGHT,pre-pulse,movement_calibration_steering.csv:5337,0,2.6246147885146396,
RIGHT,1,movement_calibration_steering.csv:5385,1,2.625552811584867,-0.7551192628241983
RIGHT,2,movement_calibration_steering.csv:5385,2,2.8450030452456048,-0.9098485200542081
STRAIGHT,pre-pulse,movement_calibration_steering.csv:5385,0,2.852606231961452,
LEFT,1,movement_calibration_steering.csv:5428,1,2.6315362727345213,0.788862258182365
STRAIGHT,pre-pulse,movement_calibration_steering.csv:5428,0,2.844515199992742,
RIGHT,1,movement_calibration_steering.csv:5473,1,2.844309830119985,-0.8248698533886375
RIGHT,2,movement_calibration_steering.csv:5473,2,2.632903859089891,-0.838221261483604
STRAIGHT,pre-pulse,movement_calibration_steering.csv:5473,0,2.627209617230149,
LEFT,1,movement_calibration_steering.csv:5520,1,2.6254054570006056,0.754370194455721
LEFT,2,movement_calibration_steering.csv:5520,2,2.835536318273968,0.9068931733401207
STRAIGHT,pre-pulse,movement_calibration_steering.csv:5520,0,2.627842707384982,
RIGHT,1,movement_calibration_steering.csv:5564,1,2.6327391549623513,-0.7563716327181006
RIGHT,2,movement_calibration_steering.csv:5564,2,2.8345194370414504,-0.907490286549017
STRAIGHT,pre-pulse,movement_calibration_steering.csv:5564,0,2.839981056531338,
LEFT,1,movement_calibration_steering.csv:5611,1,2.8426198065061223,0.8226864053177881
LEFT,2,movement_calibration_steering.csv:5611,2,2.622494825122659,0.8382737865595067
STRAIGHT,pre-pulse,movement_calibration_steering.csv:5611,0,2.623283070115745,
RIGHT,1,movement_calibration_steering.csv:5655,1,3.0534218186847917,-0.8037839365481076
RIGHT,2,movement_calibration_steering.csv:5655,2,2.6283060051716522,-0.8732736504890769
STRAIGHT,pre-pulse,movement_calibration_steering.csv:5655,0,2.6248220544334924,
LEFT,1,movement_calibration_steering.csv:5720,1,2.621008403303927,0.7539776034361974
LEFT,2,movement_calibration_steering.csv:5720,2,2.8446779011025813,0.90661844306825
STRAIGHT,pre-pulse,movement_calibration_steering.csv:5720,0,2.6243375864588714,
RIGHT,1,movement_calibration_steering.csv:5758,1,2.621526261683046,-0.7871402541814585
RIGHT,2,movement_calibration_steering.csv:5758,2,2.8455613572439566,-0.9066034211430708
STRAIGHT,pre-pulse,movement_calibration_steering.csv:5758,0,2.8427271953122983,
LEFT,1,movement_calibration_steering.csv:5802,1,2.839758115682597,0.7336869973365769
LEFT,2,movement_calibration_steering.csv:5802,2,2.6260475890442256,0.8729710820959218
STRAIGHT,pre-pulse,movement_calibration_steering.csv:5802,0,2.840977475845633,
RIGHT,1,movement_calibration_steering.csv:5852,1,2.625134379247255,-0.6988723724602807
RIGHT,2,movement_calibration_steering.csv:5852,2,2.8377641973152703,-0.8730635740323502
STRAIGHT,pre-pulse,movement_calibration_steering.csv:5852,0,2.622537100139496,
LEFT,1,movement_calibration_steering.csv:5898,1,2.621006831894076,0.7835314113510726
LEFT,2,movement_calibration_steering.csv:5898,2,2.8410915889159014,0.909289083934176
LEFT,3,movement_calibration_steering.csv:5898,3,2.6281297449101437,0.8365973092251311
STRAIGHT,pre-pulse,movement_calibration_steering.csv:5898,0,2.841453748580801,
RIGHT,1,movement_calibration_steering.csv:5953,1,2.6184050026227244,-0.7681384125891972
STRAIGHT,pre-pulse,movement_calibration_steering.csv:5953,0,2.8415818600981204,
LEFT,1,movement_calibration_steering.csv:5992,1,2.6235875038941945,0.7540460620493271
LEFT,2,movement_calibration_steering.csv:5992,2,2.8450171079809463,0.9078580079661474
STRAIGHT,pre-pulse,movement_calibration_steering.csv:5992,0,2.6260050806068227,
RIGHT,1,movement_calibration_steering.csv:6036,1,2.6322440291686715,-0.8311403673921964
RIGHT,2,movement_calibration_steering.csv:6036,2,2.8408069554002,-0.8745180277469793
STRAIGHT,pre-pulse,movement_calibration_steering.csv:6036,0,2.846855136326766,
LEFT,1,movement_calibration_steering.csv:6084,1,2.8429508197143116,0.8535349730047862
LEFT,2,movement_calibration_steering.csv:6084,2,2.626006642409605,0.8377865210123346
STRAIGHT,pre-pulse,movement_calibration_steering.csv:6084,0,2.6243577339910584,
RIGHT,1,movement_calibration_steering.csv:6132,1,2.625019747871938,-0.7973846361723296
STRAIGHT,pre-pulse,movement_calibration_steering.csv:6132,0,2.8413377624951863,
LEFT,1,movement_calibration_steering.csv:6173,1,2.6211113753390545,0.7878655505806148
LEFT,2,movement_calibration_steering.csv:6173,2,2.8456518850217862,0.8729391123693779
STRAIGHT,pre-pulse,movement_calibration_steering.csv:6173,0,2.6303790488973537,
RIGHT,1,movement_calibration_steering.csv:6235,1,2.8376841341110914,-0.819728643186667
STRAIGHT,pre-pulse,movement_calibration_steering.csv:6235,0,2.8412983187602547,
LEFT,1,movement_calibration_steering.csv:6276,1,2.8393125196867595,0.821922002009928
LEFT,2,movement_calibration_steering.csv:6276,2,2.626940473275651,0.8388986965828484
STRAIGHT,pre-pulse,movement_calibration_steering.csv:6276,0,2.6248949786718594,
RIGHT,1,movement_calibration_steering.csv:6320,1,2.622644616402814,-0.7340401361389162
RIGHT,2,movement_calibration_steering.csv:6320,2,2.6234965725752555,-0.840186176789302
STRAIGHT,pre-pulse,movement_calibration_steering.csv:6320,0,2.623894748198033,
LEFT,1,movement_calibration_steering.csv:6367,1,2.844347422935345,0.7942812395603729
LEFT,2,movement_calibration_steering.csv:6367,2,2.6226193115587098,0.9086355554188401
STRAIGHT,pre-pulse,movement_calibration_steering.csv:6367,0,2.843485546386109,
RIGHT,1,movement_calibration_steering.csv:6856,1,2.618210886614465,-0.7542703401167148
RIGHT,2,movement_calibration_steering.csv:6856,2,2.8463423476232386,-0.9089944793032148
RIGHT,3,movement_calibration_steering.csv:6856,3,2.6187463877188732,-0.8718178096814437
RIGHT,4,movement_calibration_steering.csv:6856,4,2.8450972414608877,-0.8745994719276231
RIGHT,5,movement_calibration_steering.csv:6856,5,2.626000891679899,-0.8395903952664447
RIGHT,steady,movement_calibration_steering.csv:6856,6,2.8469180361033968,-0.9087229353780701
RIGHT,steady,movement_calibration_steering.csv:6856,7,2.6177732173763384,-0.8381130619847124
RIGHT,steady,movement_calibration_steering.csv:6856,8,2.8492049553935694,-0.9089622853049821
STRAIGHT,pre-pulse,movement_calibration_steering.csv:6856,0,2.8391257914435766,
LEFT,1,movement_calibration_steering.csv:6966,1,2.844949127589921,0.7954062433358096
LEFT,2,movement_calibration_steering.csv:6966,2,2.623361088094417,0.8378872454739348
LEFT,3,movement_calibration_steering.csv:6966,3,2.6266574263703557,0.9082188200721628
LEFT,4,movement_calibration_steering.csv:6966,4,2.626644594309684,0.837148024065673
LEFT,5,movement_calibration_steering.csv:6966,5,2.8445179201583684,0.9072147924356981
LEFT,steady,movement_calibration_steering.csv:6966,6,2.6248157592791648,0.8375678425555186
LEFT,steady,movement_calibration_steering.csv:6966,7,2.845458388672782,0.9074252230976168
LEFT,steady,movement_calibration_steering.csv:6966,8,2.6199597696757313,0.8729597738382839
LEFT,steady,movement_calibration_steering.csv:6966,9,2.8371100545084995,0.8710349614063091
STRAIGHT,pre-pulse,movement_calibration_steering.csv:6966,0,2.843389175398221,
RIGHT,1,movement_calibration_steering.csv:7081,1,2.8516426579390135,-0.8254873031335068
RIGHT,2,movement_calibration_steering.csv:7081,2,2.6225281793239783,-0.8395638261282272
RIGHT,3,movement_calibration_steering.csv:7081,3,2.8439123019616854,-0.9078561578361874
RIGHT,4,movement_calibration_steering.csv:7081,4,2.837666759007448,-0.8384697869888527
RIGHT,5,movement_calibration_steering.csv:7081,5,2.6227251961415248,-0.9090615910446589
RIGHT,steady,movement_calibration_steering.csv:7081,6,2.628109068099133,-0.8386176455740655
RIGHT,steady,movement_calibration_steering.csv:7081,7,2.84424492886779,-0.9079129458433481
RIGHT,steady,movement_calibration_steering.csv:7081,8,2.837324845004775,-0.8400325678673068
RIGHT,steady,movement_calibration_steering.csv:7081,9,2.6235800990996903,-0.9082191574930416
STRAIGHT,pre-pulse,movement_calibration_steering.csv:7081,0,2.6249868120126827,
LEFT,1,movement_calibration_steering.csv:7198,1,2.843401987422213,0.8230323010183644
LEFT,2,movement_calibration_steering.csv:7198,2,2.616124396771903,0.8375755580496995
LEFT,3,movement_calibration_steering.csv:7198,3,2.8501863796457365,0.9074562079804291
LEFT,4,movement_calibration_steering.csv:7198,4,2.623114078242091,0.8375591004900667
LEFT,5,movement_calibration_steering.csv:7198,5,2.8420455274871705,0.9079897262597196
LEFT,steady,movement_calibration_steering.csv:7198,6,2.6242765229839646,0.8372356439646618
LEFT,steady,movement_calibration_steering.csv:7198,7,2.839952749910343,0.9072834826108211
LEFT,steady,movement_calibration_steering.csv:7198,8,2.6229328321995427,0.8375238833694487
LEFT,steady,movement_calibration_steering.csv:7198,9,2.84990676195399,0.9073629397782508
LEFT,steady,movement_calibration_steering.csv:7198,10,2.6231718755115687,0.8380864976102753
LEFT,steady,movement_calibration_steering.csv:7198,11,2.8418694627303895,0.9072603509876753
STRAIGHT,pre-pulse,movement_calibration_steering.csv:7198,0,2.8440536454527985,
RIGHT,1,movement_calibration_steering.csv:7339,1,2.84237089919899,-0.7681650708814025
RIGHT,2,movement_calibration_steering.csv:7339,2,2.621004979125621,-0.8731073164284788
RIGHT,3,movement_calibration_steering.csv:7339,3,2.843477521097084,-0.8739493872531381
RIGHT,4,movement_calibration_steering.csv:7339,4,2.626543218685493,-0.8733898507268179
RIGHT,5,movement_calibration_steering.csv:7339,5,2.840864374305417,-0.8737616326052269
RIGHT,steady,movement_calibration_steering.csv:7339,6,2.624677551648864,-0.8736138488018783
RIGHT,steady,movement_calibration_steering.csv:7339,7,2.8382379415632735,-0.87376102320568
RIGHT,steady,movement_calibration_steering.csv:7339,8,2.6276418958653496,-0.8732151166732365
RIGHT,steady,movement_calibration_steering.csv:7339,9,2.8399232484167327,-0.874214911490304
RIGHT,steady,movement_calibration_steering.csv:7339,10,2.632736525749877,-0.874131639067226
STRAIGHT,pre-pulse,movement_calibration_steering.csv:7339,0,2.62199508022817,
LEFT,1,movement_calibration_steering.csv:7452,1,2.842746144507661,0.8239331303495265
LEFT,2,movement_calibration_steering.csv:7452,2,2.62491318906134,0.8376647583062309
LEFT,3,movement_calibration_steering.csv:7452,3,2.8447990154122498,0.9073825625712235
LEFT,4,movement_calibration_steering.csv:7452,4,2.6250541221586334,0.8378621487261428
LEFT,5,movement_calibration_steering.csv:7452,5,2.844923802961563,0.9063565099728947
LEFT,steady,movement_calibration_steering.csv:7452,6,2.6220703976888258,0.8390264427045295
LEFT,steady,movement_calibration_steering.csv:7452,7,2.841773280084212,0.9067360838892782
LEFT,steady,movement_calibration_steering.csv:7452,8,2.626776615010101,0.8375327903427561
LEFT,steady,movement_calibration_steering.csv:7452,9,2.8430471105974866,0.9069406598977974
LEFT,steady,movement_calibration_steering.csv:7452,10,2.6197820116347117,0.8383044119515635
LEFT,steady,movement_calibration_steering.csv:7452,11,2.8459826499508503,0.90665322647218
LEFT,steady,movement_calibration_steering.csv:7452,12,2.6215394160977636,0.8369200206763896
RIGHT,1,movement_calibration_steering.csv:7590,1,2.836259731582539,-0.7887152715538694
RIGHT,2,movement_calibration_steering.csv:7590,2,2.628153955617439,-0.8744648476243658
RIGHT,3,movement_calibration_steering.csv:7590,3,2.8358523010210255,-0.9086409398565433
RIGHT,4,movement_calibration_steering.csv:7590,4,2.6343754228648777,-0.8380165706271665
RIGHT,5,movement_calibration_steering.csv:7590,5,2.835158650806594,-0.9075313890882235
RIGHT,steady,movement_calibration_steering.csv:7590,6,2.627110739736498,-0.839329652737868
RIGHT,steady,movement_calibration_steering.csv:7590,7,2.8404481162265793,-0.9089689982600699
RIGHT,steady,movement_calibration_steering.csv:7590,8,2.6237784190922535,-0.8386433548672203
RIGHT,steady,movement_calibration_steering.csv:7590,9,2.8479787900709534,-0.9091602622697348
RIGHT,steady,movement_calibration_steering.csv:7590,10,2.6190509255295127,-0.8382429157387552
STRAIGHT,pre-pulse,movement_calibration_steering.csv:7590,0,2.8446866576148038,
LEFT,1,movement_calibration_steering.csv:7712,1,2.8406881266004316,0.8022215209047979
LEFT,2,movement_calibration_steering.csv:7712,2,2.625681619654533,0.8370239507860638
LEFT,3,movement_calibration_steering.csv:7712,3,2.8421837183822882,0.9074649191584427
LEFT,4,movement_calibration_steering.csv:7712,4,2.627586396828855,0.8381130078971608
LEFT,5,movement_calibration_steering.csv:7712,5,2.842850659011551,0.9066177372788635
LEFT,steady,movement_calibration_steering.csv:7712,6,2.6223080141932584,0.8723259639598395
LEFT,steady,movement_calibration_steering.csv:7712,7,2.8440362215644726,0.8715810475979611
STRAIGHT,pre-pulse,movement_calibration_steering.csv:7712,0,2.6277638298545036,
RIGHT,1,movement_calibration_steering.csv:7814,1,2.4047349045644584,-0.785900607081303
RIGHT,2,movement_calibration_steering.csv:7814,2,2.8422260493537492,-0.8734024294172769
RIGHT,3,movement_calibration_steering.csv:7814,3,2.8472372375473785,-0.8746258237954168
RIGHT,4,movement_calibration_steering.csv:7814,4,2.624475702011797,-0.9068254585997373
RIGHT,5,movement_calibration_steering.csv:7814,5,2.6219841721764023,-0.8403809054689768
RIGHT,steady,movement_calibration_steering.csv:7814,6,2.8420467780476844,-0.8393483061768094
RIGHT,steady,movement_calibration_steering.csv:7814,7,2.6223049010577713,-0.9076921653583945
RIGHT,steady,movement_calibration_steering.csv:7814,8,2.8460805841432473,-0.8737521475165559
RIGHT,steady,movement_calibration_steering.csv:7814,9,2.6252213730812506,-0.8740641468366253
STRAIGHT,pre-pulse,movement_calibration_steering.csv:7814,0,2.624197110953415,
LEFT,1,movement_calibration_steering.csv:7948,1,2.8452084134204227,0.8524511524701723
LEFT,2,movement_calibration_steering.csv:7948,2,2.6215659906312703,0.8404945882053299
LEFT,3,movement_calibration_steering.csv:7948,3,2.8464164465118174,0.9049841067425612
LEFT,4,movement_calibration_steering.csv:7948,4,2.623480604606144,0.8376800050943345
LEFT,5,movement_calibration_steering.csv:7948,5,2.841418221647334,0.9084036424813284
LEFT,steady,movement_calibration_steering.csv:7948,6,2.841290977956338,0.8721057125290983
LEFT,steady,movement_calibration_steering.csv:7948,7,2.6233328476755555,0.8723647286015197
LEFT,steady,movement_calibration_steering.csv:7948,8,2.625640298350619,0.8383621615875629
LEFT,steady,movement_calibration_steering.csv:7948,9,2.8412104701792606,0.872505473075293
STRAIGHT,pre-pulse,movement_calibration_steering.csv:7948,0,2.6256540614005424,
RIGHT,1,movement_calibration_steering.csv:8073,1,2.620526061417408,-0.6980800392347468
RIGHT,2,movement_calibration_steering.csv:8073,2,2.8461074296080726,-0.9090383566328253
RIGHT,3,movement_calibration_steering.csv:8073,3,2.6215271373590223,-0.8380732093166761
RIGHT,4,movement_calibration_steering.csv:8073,4,2.8421803504241963,-0.9098009245485312
RIGHT,5,movement_calibration_steering.csv:8073,5,2.6268449862978414,-0.8384703994240645
RIGHT,steady,movement_calibration_steering.csv:8073,6,2.8420093984096604,-0.9080248353420668
RIGHT,steady,movement_calibration_steering.csv:8073,7,2.62324364804458,-0.8388001113570125
RIGHT,steady,movement_calibration_steering.csv:8073,8,2.8453539110641644,-0.9082629581753014
STRAIGHT,pre-pulse,movement_calibration_steering.csv:8073,0,2.8415965906308496,
LEFT,1,movement_calibration_steering.csv:8175,1,2.626886667173054,0.7955942347301281
LEFT,2,movement_calibration_steering.csv:8175,2,2.8434736282906314,0.9063553273329812
LEFT,3,movement_calibration_steering.csv:8175,3,2.620005697314483,0.8395836181909828
LEFT,4,movement_calibration_steering.csv:8175,4,2.847596628743716,0.9059052600484614
LEFT,5,movement_calibration_steering.csv:8175,5,2.842415564337767,0.8381515727465547
LEFT,steady,movement_calibration_steering.csv:8175,6,2.620347648309768,0.8733954432697992
LEFT,steady,movement_calibration_steering.csv:8175,7,2.8423326900369186,0.8705486357349059
LEFT,steady,movement_calibration_steering.csv:8175,8,2.627211830614265,0.8730257234876078
LEFT,steady,movement_calibration_steering.csv:8175,9,2.84426224953162,0.8731992015706398
STRAIGHT,pre-pulse,movement_calibration_steering.csv:8175,0,2.845348060450712,
RIGHT,1,movement_calibration_steering.csv:8286,1,2.624899908250951,-0.7551290896857599
RIGHT,2,movement_calibration_steering.csv:8286,2,2.8432515368843525,-0.9080628596808755
RIGHT,3,movement_calibration_steering.csv:8286,3,2.623374592676283,-0.8390568676396906
RIGHT,4,movement_calibration_steering.csv:8286,4,2.8464070330830182,-0.9085580660852899
RIGHT,5,movement_calibration_steering.csv:8286,5,2.622569364985757,-0.8387990870181303
RIGHT,steady,movement_calibration_steering.csv:8286,6,2.8428680335693284,-0.909332560521916
RIGHT,steady,movement_calibration_steering.csv:8286,7,2.627197114291836,-0.8375686568248959
RIGHT,steady,movement_calibration_steering.csv:8286,8,2.8427284968239883,-0.9082109452713505
RIGHT,steady,movement_calibration_steering.csv:8286,9,2.625742943664105,-0.8392372974010334
STRAIGHT,pre-pulse,movement_calibration_steering.csv:8286,0,2.8454844345878296,
LEFT,1,movement_calibration_steering.csv:8398,1,2.8462309650717446,0.8235472855207959
LEFT,2,movement_calibration_steering.csv:8398,2,2.6211937197350323,0.8730966015378008
LEFT,3,movement_calibration_steering.csv:8398,3,2.8449771529522563,0.8717749398036723
LEFT,4,movement_calibration_steering.csv:8398,4,2.6239474731304795,0.8371922947857364
LEFT,5,movement_calibration_steering.csv:8398,5,2.837628838391125,0.9074386212972099
LEFT,steady,movement_calibration_steering.csv:8398,6,2.412029900067134,0.8717533934977617
LEFT,steady,movement_calibration_steering.csv:8398,7,2.8438546483666314,0.8731360661883856
STRAIGHT,pre-pulse,movement_calibration_steering.csv:8398,0,2.6276868877967288,
RIGHT,1,movement_calibration_steering.csv:8490,1,2.6228307874012846,-0.7895718948178474
RIGHT,2,movement_calibration_steering.csv:8490,2,2.841709866256734,-0.942913273325019
RIGHT,3,movement_calibration_steering.csv:8490,3,2.8416416593695826,-0.8403816428664532
RIGHT,4,movement_calibration_steering.csv:8490,4,2.62621664535903,-0.8381646125765263
RIGHT,5,movement_calibration_steering.csv:8490,5,2.8470743567567407,-0.8736300526376137
RIGHT,steady,movement_calibration_steering.csv:8490,6,2.62425592049692,-0.8738229488678728
RIGHT,steady,movement_calibration_steering.csv:8490,7,2.8436078722670652,-0.9064702688992483
RIGHT,steady,movement_calibration_steering.csv:8490,8,2.6230527161992656,-0.8412020379872622
RIGHT,steady,movement_calibration_steering.csv:8490,9,2.8396258642981325,-0.872128553526883
RIGHT,steady,movement_calibration_steering.csv:8490,10,2.6225283325620867,-0.8743325727782967
STRAIGHT,pre-pulse,movement_calibration_steering.csv:8490,0,2.8452287356798402,
LEFT,1,movement_calibration_steering.csv:8631,1,2.842920263759865,0.8208081567907528
LEFT,2,movement_calibration_steering.csv:8631,2,2.6221090234312343,0.871559483920763
LEFT,3,movement_calibration_steering.csv:8631,3,2.8431533509309004,0.8733718869702845
LEFT,4,movement_calibration_steering.csv:8631,4,2.6260237957226873,0.8372625388359429
LEFT,5,movement_calibration_steering.csv:8631,5,2.8403167602635393,0.9069971755579451
LEFT,steady,movement_calibration_steering.csv:8631,6,2.626529067674193,0.8381658312835008
LEFT,steady,movement_calibration_steering.csv:8631,7,2.845471081530102,0.9074192202755116
LEFT,steady,movement_calibration_steering.csv:8631,8,2.6237269888877295,0.8378081059105158
STRAIGHT,pre-pulse,movement_calibration_steering.csv:8631,0,2.6242022909547735,
RIGHT,1,movement_calibration_steering.csv:8757,1,2.626125338122928,-0.7895283587095069
RIGHT,2,movement_calibration_steering.csv:8757,2,2.845526479746682,-0.8746803426868377
RIGHT,3,movement_calibration_steering.csv:8757,3,2.6232503321461276,-0.8734384786661322
RIGHT,4,movement_calibration_steering.csv:8757,4,2.8414704948321834,-0.8730967449473915
RIGHT,5,movement_calibration_steering.csv:8757,5,2.627782752419986,-0.8732189253804328
RIGHT,steady,movement_calibration_steering.csv:8757,6,2.839487839044975,-0.874546166398182
RIGHT,steady,movement_calibration_steering.csv:8757,7,2.6231831610141487,-0.8733751675517758
RIGHT,steady,movement_calibration_steering.csv:8757,8,2.8452494819588745,-0.8753469966125635
STRAIGHT,pre-pulse,movement_calibration_steering.csv:8757,0,2.8469429124153587,
LEFT,1,movement_calibration_steering.csv:8875,1,2.6297210837996055,0.7541403553080752
LEFT,2,movement_calibration_steering.csv:8875,2,2.8355973576306597,0.8718820696410148
LEFT,3,movement_calibration_steering.csv:8875,3,2.624462030814541,0.87262536278614
LEFT,4,movement_calibration_steering.csv:8875,4,2.8462119327573108,0.9068889435678824
LEFT,5,movement_calibration_steering.csv:8875,5,2.624245614440908,0.8384369447998417
LEFT,steady,movement_calibration_steering.csv:8875,6,2.8458120708881944,0.9064756154949078
LEFT,steady,movement_calibration_steering.csv:8875,7,2.625113774555531,0.8377577857868044
LEFT,steady,movement_calibration_steering.csv:8875,8,2.842500524388324,0.9079747330218186
STRAIGHT,pre-pulse,movement_calibration_steering.csv:8875,0,2.834742326313898,
RIGHT,1,movement_calibration_steering.csv:9011,1,2.8437291751738196,-0.8041064075350766
RIGHT,2,movement_calibration_steering.csv:9011,2,2.6306449195766723,-0.8743072832882738
RIGHT,3,movement_calibration_steering.csv:9011,3,2.8381745954560804,-0.8736789108464255
RIGHT,4,movement_calibration_steering.csv:9011,4,2.619275532290706,-0.8732974073804065
RIGHT,5,movement_calibration_steering.csv:9011,5,2.842521692794302,-0.8731107136601701
RIGHT,steady,movement_calibration_steering.csv:9011,6,2.6266096353107526,-0.9088740366153485
RIGHT,steady,movement_calibration_steering.csv:9011,7,2.631162201970723,-0.8385781326414374
RIGHT,steady,movement_calibration_steering.csv:9011,8,2.8380199024350765,-0.8742525597954103
RIGHT,steady,movement_calibration_steering.csv:9011,9,2.6263996137859946,-0.8726415027827317
STRAIGHT,pre-pulse,movement_calibration_steering.csv:9011,0,2.6204973383133567,
LEFT,1,movement_calibration_steering.csv:9126,1,2.8410839426546834,0.8020085057003491
LEFT,2,movement_calibration_steering.csv:9126,2,2.623812853265525,0.8725473774763284
LEFT,3,movement_calibration_steering.csv:9126,3,2.8419666743260765,0.872464362927686
LEFT,4,movement_calibration_steering.csv:9126,4,2.625237066140951,0.8717810751316262
LEFT,5,movement_calibration_steering.csv:9126,5,2.8448576620323904,0.8731625460964074
LEFT,steady,movement_calibration_steering.csv:9126,6,2.6240305522665666,0.8729285353047658
LEFT,steady,movement_calibration_steering.csv:9126,7,2.8408901893587295,0.8721290936897947
LEFT,steady,movement_calibration_steering.csv:9126,8,2.6266201950864962,0.8717336543340677
LEFT,steady,movement_calibration_steering.csv:9126,9,2.841138775955917,0.8734567254198842
STRAIGHT,pre-pulse,movement_calibration_steering.csv:9126,0,2.627715264092696,
RIGHT,1,movement_calibration_steering.csv:9254,1,2.6233858621514115,-0.8209223844382172
RIGHT,2,movement_calibration_steering.csv:9254,2,2.845644164817831,-0.8738398418944898
RIGHT,3,movement_calibration_steering.csv:9254,3,2.621121898249814,-0.8729165416776191
RIGHT,4,movement_calibration_steering.csv:9254,4,2.841866304377039,-0.8390927258663237
RIGHT,5,movement_calibration_steering.csv:9254,5,2.629343640460389,-0.8739265363405844
RIGHT,steady,movement_calibration_steering.csv:9254,6,2.842536441572117,-0.8741416919097316
RIGHT,steady,movement_calibration_steering.csv:9254,7,2.622546377182007,-0.8733815124993796
RIGHT,steady,movement_calibration_steering.csv:9254,8,2.841665863147486,-0.8741781266541504
RIGHT,steady,movement_calibration_steering.csv:9254,9,2.624997806884065,-0.8740078470239121
RIGHT,steady,movement_calibration_steering.csv:9254,10,2.845220384303141,-0.8730441400713813
RIGHT,steady,movement_calibration_steering.csv:9254,11,2.8380107109786055,-0.8730507973074255
RIGHT,steady,movement_calibration_steering.csv:9254,12,2.629699577257515,-0.8742631787748731
STRAIGHT,pre-pulse,movement_calibration_steering.csv:9254,0,2.8412964836523904,
LEFT,1,movement_calibration_steering.csv:9414,1,2.841854398284287,0.8028237189786132
LEFT,2,movement_calibration_steering.csv:9414,2,2.6260855601551483,0.837499490546731
LEFT,3,movement_calibration_steering.csv:9414,3,2.622947334308357,0.8719754685147609
LEFT,4,movement_calibration_steering.csv:9414,4,2.844367691339551,0.8729401708979025
LEFT,5,movement_calibration_steering.csv:9414,5,2.844463039227377,0.9069339574732067
LEFT,steady,movement_calibration_steering.csv:9414,6,2.624680273807487,0.838101874090839
LEFT,steady,movement_calibration_steering.csv:9414,7,2.842829119000604,0.8724509914800453
LEFT,steady,movement_calibration_steering.csv:9414,8,2.6238555295233716,0.8726127505077312
LEFT,steady,movement_calibration_steering.csv:9414,9,2.844941976574985,0.9049590651308046
STRAIGHT,pre-pulse,movement_calibration_steering.csv:9414,0,2.815931142022115,
RIGHT,1,movement_calibration_steering.csv:9589,1,2.614917053586243,-0.7894761738110646
RIGHT,2,movement_calibration_steering.csv:9589,2,2.843970735057275,-0.8723756239081433
RIGHT,3,movement_calibration_steering.csv:9589,3,2.6252465429330205,-0.8746116493529397
RIGHT,4,movement_calibration_steering.csv:9589,4,2.8410444017108687,-0.8732756206513774
RIGHT,5,movement_calibration_steering.csv:9589,5,2.629411478758961,-0.874359588914631
RIGHT,steady,movement_calibration_steering.csv:9589,6,2.8402157973497997,-0.8732864249600016
RIGHT,steady,movement_calibration_steering.csv:9589,7,2.6319002894389256,-0.8739818008405402
RIGHT,steady,movement_calibration_steering.csv:9589,8,2.8325052572631524,-0.8729181481783677
RIGHT,steady,movement_calibration_steering.csv:9589,9,2.628930404815052,-0.8738384066909681
STRAIGHT,pre-pulse,movement_calibration_steering.csv:9589,0,2.847884811026663,
LEFT,1,movement_calibration_steering.csv:9709,1,2.628753521607926,0.8311457514619183
LEFT,2,movement_calibration_steering.csv:9709,2,2.8387678952323547,0.8724459186872695
LEFT,3,movement_calibration_steering.csv:9709,3,2.6342111449010086,0.8729556667809828
LEFT,4,movement_calibration_steering.csv:9709,4,2.6165964767486347,0.871323591689638
LEFT,5,movement_calibration_steering.csv:9709,5,2.8497080253895732,0.908022251911943
LEFT,steady,movement_calibration_steering.csv:9709,6,2.6183263077748635,0.8368925042927116
LEFT,steady,movement_calibration_steering.csv:9709,7,2.850174426795075,0.9064189786674604
LEFT,steady,movement_calibration_steering.csv:9709,8,2.61940148266929,0.8388569707500095
LEFT,steady,movement_calibration_steering.csv:9709,9,2.837731966748778,0.9070683491138931
STRAIGHT,pre-pulse,movement_calibration_steering.csv:9709,0,2.8354948358610264,
RIGHT,1,movement_calibration_steering.csv:9841,1,2.6225619157416222,-0.7894340163163264
RIGHT,2,movement_calibration_steering.csv:9841,2,2.8437291234625444,-0.872703335751678
RIGHT,3,movement_calibration_steering.csv:9841,3,2.625117965069342,-0.8386933019675857
RIGHT,4,movement_calibration_steering.csv:9841,4,2.842022298425227,-0.9093001895797026
RIGHT,5,movement_calibration_steering.csv:9841,5,2.623355431443534,-0.8381725673399947
RIGHT,steady,movement_calibration_steering.csv:9841,6,2.8430583823176367,-0.9086487781679118
RIGHT,steady,movement_calibration_steering.csv:9841,7,2.623680030837042,-0.9079031302829756
RIGHT,steady,movement_calibration_steering.csv:9841,8,2.839218478746797,-0.8405784654200996
RIGHT,steady,movement_calibration_steering.csv:9841,9,2.6330432900845926,-0.9075178778745778
STRAIGHT,pre-pulse,movement_calibration_steering.csv:9841,0,2.8416652660211232,
LEFT,1,movement_calibration_steering.csv:9963,1,2.838995835181926,0.7673694375565341
LEFT,2,movement_calibration_steering.csv:9963,2,2.6266807493093514,0.8721941681965396
LEFT,3,movement_calibration_steering.csv:9963,3,2.845773850676417,0.8733283939295376
LEFT,4,movement_calibration_steering.csv:9963,4,2.62391803836118,0.8712676002779892
LEFT,5,movement_calibration_steering.csv:9963,5,2.8397561885957843,0.872590120995895
LEFT,steady,movement_calibration_steering.csv:9963,6,2.6284460249323365,0.8739357407431956
LEFT,steady,movement_calibration_steering.csv:9963,7,2.841876344140671,0.8710253460672126
LEFT,steady,movement_calibration_steering.csv:9963,8,2.6255765901048265,0.8721863384064497
LEFT,steady,movement_calibration_steering.csv:9963,9,2.8402307372458537,0.8730747539633086
STRAIGHT,pre-pulse,movement_calibration_steering.csv:9963,0,2.8516216668993035,
RIGHT,1,movement_calibration_steering.csv:10085,1,2.8471042875295542,-0.8247678053325517
RIGHT,2,movement_calibration_steering.csv:10085,2,2.621669485168179,-0.8391705484631803
RIGHT,3,movement_calibration_steering.csv:10085,3,2.8439845249265394,-0.8732955406032457
RIGHT,4,movement_calibration_steering.csv:10085,4,2.621605350687539,-0.8739488579908383
RIGHT,5,movement_calibration_steering.csv:10085,5,2.843839016820734,-0.9088523624078904
RIGHT,steady,movement_calibration_steering.csv:10085,6,2.628167296944154,-0.8380926135393718
RIGHT,steady,movement_calibration_steering.csv:10085,7,2.8425899946441815,-0.9083746557743568
RIGHT,steady,movement_calibration_steering.csv:10085,8,2.619567919132347,-0.838698192312961
RIGHT,steady,movement_calibration_steering.csv:10085,9,2.843928507455341,-0.9087839583285344
RIGHT,steady,movement_calibration_steering.csv:10085,10,2.6265211771714334,-0.8387696198903969
STRAIGHT,pre-pulse,movement_calibration_steering.csv:10085,0,2.62379706268603,
LEFT,1,movement_calibration_steering.csv:10211,1,2.633801994689633,0.7544403091136016
LEFT,2,movement_calibration_steering.csv:10211,2,2.834540256278012,0.9065358753891457
LEFT,3,movement_calibration_steering.csv:10211,3,2.6255630209182237,0.8381154987327444
LEFT,4,movement_calibration_steering.csv:10211,4,2.848776253700094,0.9071032303198313
LEFT,5,movement_calibration_steering.csv:10211,5,2.6167031840254773,0.8373068403660472
LEFT,steady,movement_calibration_steering.csv:10211,6,2.845146521501796,0.9082094127133582
STRAIGHT,pre-pulse,movement_calibration_steering.csv:10211,0,2.8420059179421573,
RIGHT,1,movement_calibration_steering.csv:10590,1,2.6318345773856824,-0.7906527281695903
RIGHT,2,movement_calibration_steering.csv:10590,2,2.839855277547248,-0.8734542474489447
RIGHT,3,movement_calibration_steering.csv:10590,3,2.842509233756209,-0.8743737224948746
RIGHT,4,movement_calibration_steering.csv:10590,4,2.6214625541896583,-0.8718921288160337
RIGHT,5,movement_calibration_steering.csv:10590,5,2.847027010514283,-0.8755913664387678
RIGHT,steady,movement_calibration_steering.csv:10590,6,2.6198349451089733,-0.8723344354032143
RIGHT,steady,movement_calibration_steering.csv:10590,7,2.8435146473733672,-0.9083940544346856
RIGHT,steady,movement_calibration_steering.csv:10590,8,2.6284046701141093,-0.8398203011291594
RIGHT,steady,movement_calibration_steering.csv:10590,9,2.842138919972028,-0.9062999570416803
STRAIGHT,pre-pulse,movement_calibration_steering.csv:10590,0,2.8428030677549443,
LEFT,1,movement_calibration_steering.csv:10701,1,2.6247926708625204,0.7319848112991121
LEFT,2,movement_calibration_steering.csv:10701,2,2.8431771671448374,0.8740079395196388
LEFT,3,movement_calibration_steering.csv:10701,3,2.6195738729041445,0.8738832899650044
LEFT,4,movement_calibration_steering.csv:10701,4,2.849157385441081,0.8709662200430044
LEFT,5,movement_calibration_steering.csv:10701,5,2.6252339242629046,0.8723972536162452
LEFT,steady,movement_calibration_steering.csv:10701,6,2.8436975406022955,0.8734334757018596
LEFT,steady,movement_calibration_steering.csv:10701,7,2.6237772140630886,0.8366306276374544
LEFT,steady,movement_calibration_steering.csv:10701,8,2.8400810923441533,0.9075908532862131
LEFT,steady,movement_calibration_steering.csv:10701,9,2.6292910879834595,0.8381707742186775
LEFT,steady,movement_calibration_steering.csv:10701,10,2.8407232557308517,0.9061383380425134
STRAIGHT,pre-pulse,movement_calibration_steering.csv:10701,0,2.842452965740484,
RIGHT,1,movement_calibration_steering.csv:10828,1,2.845155491479199,-0.8235443442406152
RIGHT,2,movement_calibration_steering.csv:10828,2,2.624561524579122,-0.8399279215272153
RIGHT,3,movement_calibration_steering.csv:10828,3,2.8396160988689525,-0.9079769344839517
RIGHT,4,movement_calibration_steering.csv:10828,4,2.626070631842834,-0.8400413090052814
RIGHT,5,movement_calibration_steering.csv:10828,5,2.8417492166403537,-0.9079969293242555
RIGHT,steady,movement_calibration_steering.csv:10828,6,2.6265158067360685,-0.839008390128867
RIGHT,steady,movement_calibration_steering.csv:10828,7,2.8425971659281526,-0.9084016149564156
RIGHT,steady,movement_calibration_steering.csv:10828,8,2.6247900007346474,-0.8383550408413956
RIGHT,steady,movement_calibration_steering.csv:10828,9,2.84448342168643,-0.9080475263154009
STRAIGHT,pre-pulse,movement_calibration_steering.csv:10828,0,2.627899403818871,
LEFT,1,movement_calibration_steering.csv:10942,1,2.6274708527191697,0.7674898970233135
LEFT,2,movement_calibration_steering.csv:10942,2,2.8428879490021868,0.872358976566997
LEFT,3,movement_calibration_steering.csv:10942,3,2.625436063997276,0.8712487622428067
LEFT,4,movement_calibration_steering.csv:10942,4,2.841774958859339,0.8396102377884813
LEFT,5,movement_calibration_steering.csv:10942,5,2.6239362399000847,0.8719675866468535
LEFT,steady,movement_calibration_steering.csv:10942,6,2.8426009138226895,0.8728933768350622
LEFT,steady,movement_calibration_steering.csv:10942,7,2.8418608866440787,0.8720721837653542
LEFT,steady,movement_calibration_steering.csv:10942,8,2.623252834194674,0.8727575493471136
LEFT,steady,movement_calibration_steering.csv:10942,9,2.8467679052818733,0.8731691613074055
STRAIGHT,pre-pulse,movement_calibration_steering.csv:10942,0,2.8433403636436028,
RIGHT,1,movement_calibration_steering.csv:11050,1,2.841071113476348,-0.8038922265399919
RIGHT,2,movement_calibration_steering.csv:11050,2,2.837216013856622,-0.8727144445671304
RIGHT,3,movement_calibration_steering.csv:11050,3,2.631975745431886,-0.8744582950498963
RIGHT,4,movement_calibration_steering.csv:11050,4,2.62557075736452,-0.8743823441111171
RIGHT,5,movement_calibration_steering.csv:11050,5,2.843792285699301,-0.8727003933829014
RIGHT,steady,movement_calibration_steering.csv:11050,6,2.8382006122429337,-0.8732437646456361
RIGHT,steady,movement_calibration_steering.csv:11050,7,2.6294517125074504,-0.8741958880357181
RIGHT,steady,movement_calibration_steering.csv:11050,8,2.8382672269491587,-0.9075419172420602
RIGHT,steady,movement_calibration_steering.csv:11050,9,2.629370193036912,-0.8394489781408723
RIGHT,steady,movement_calibration_steering.csv:11050,10,2.8383780026313263,-0.8728572697357251
LEFT,1,movement_calibration_steering.csv:11174,1,2.6222546432143656,0.7182897044239198
LEFT,2,movement_calibration_steering.csv:11174,2,2.8437149384281346,0.907840256649756
LEFT,3,movement_calibration_steering.csv:11174,3,2.6259911146083112,0.8378488782694009
LEFT,4,movement_calibration_steering.csv:11174,4,2.8391722383970013,0.9081184781465406
LEFT,5,movement_calibration_steering.csv:11174,5,2.628262374834074,0.8358383050809572
LEFT,steady,movement_calibration_steering.csv:11174,6,2.841080194590365,0.907822101496329
LEFT,steady,movement_calibration_steering.csv:11174,7,2.6259808123026005,0.8363586363568682
LEFT,steady,movement_calibration_steering.csv:11174,8,2.8432995212176237,0.9088637337506889
LEFT,steady,movement_calibration_steering.csv:11174,9,2.6231391885882958,0.8362115956920286
LEFT,steady,movement_calibration_steering.csv:11174,10,2.845239392593662,0.9093145975772314
LEFT,steady,movement_calibration_steering.csv:11174,11,2.62102767599817,0.8364843537392463
STRAIGHT,pre-pulse,movement_calibration_steering.csv:11174,0,2.8421038962064182,
RIGHT,1,movement_calibration_steering.csv:11322,1,2.8383866457043774,-0.7679348620764284
RIGHT,2,movement_calibration_steering.csv:11322,2,2.629380307024031,-0.8390303947311883
RIGHT,3,movement_calibration_steering.csv:11322,3,2.8417309530015538,-0.9081956955190544
RIGHT,4,movement_calibration_steering.csv:11322,4,2.404563793507262,-0.8392894858026079
RIGHT,5,movement_calibration_steering.csv:11322,5,2.8437965195494024,-0.9084247792301374
RIGHT,steady,movement_calibration_steering.csv:11322,6,2.6252614104156824,-0.8389509875965011
RIGHT,steady,movement_calibration_steering.csv:11322,7,2.841631986133999,-0.9088984035947982
RIGHT,steady,movement_calibration_steering.csv:11322,8,2.6221281150653533,-0.8723977175916051
RIGHT,steady,movement_calibration_steering.csv:11322,9,2.8466430535071163,-0.8742460176223865
RIGHT,steady,movement_calibration_steering.csv:11322,10,2.6220945037090573,-0.8728991639344184
STRAIGHT,pre-pulse,movement_calibration_steering.csv:11322,0,2.6183232632579183,
LEFT,1,movement_calibration_steering.csv:11451,1,2.628083551951502,0.7959494863710292
LEFT,2,movement_calibration_steering.csv:11451,2,2.8395875810062123,0.9069061817005126
LEFT,3,movement_calibration_steering.csv:11451,3,2.416178570086173,0.8380716774688546
LEFT,4,movement_calibration_steering.csv:11451,4,3.0525068245613243,0.9066816320073108
LEFT,5,movement_calibration_steering.csv:11451,5,2.6302079413627655,0.8388726939158992
LEFT,steady,movement_calibration_steering.csv:11451,6,2.835140006416329,0.9067839763050136
LEFT,steady,movement_calibration_steering.csv:11451,7,2.6251099539415104,0.8375039145243459
LEFT,steady,movement_calibration_steering.csv:11451,8,2.8417686809407816,0.9069934734783036
LEFT,steady,movement_calibration_steering.csv:11451,9,2.62684478669272,0.8381665691685409
LEFT,steady,movement_calibration_steering.csv:11451,10,2.8430412491359927,0.9071402203803736
STRAIGHT,pre-pulse,movement_calibration_steering.csv:11451,0,2.8444570549957446,
RIGHT,1,movement_calibration_steering.csv:11580,1,2.8406381990084384,-0.6900605956063628
RIGHT,2,movement_calibration_steering.csv:11580,2,2.6275218508946665,-0.8732291006964781
RIGHT,3,movement_calibration_steering.csv:11580,3,2.8403243572890227,-0.8738729099783793
RIGHT,4,movement_calibration_steering.csv:11580,4,2.623982779813377,-0.8728360686307859
RIGHT,5,movement_calibration_steering.csv:11580,5,2.842598742500191,-0.8739171789737536
RIGHT,steady,movement_calibration_steering.csv:11580,6,2.8433567651126084,-0.8732099344738797
RIGHT,steady,movement_calibration_steering.csv:11580,7,2.6278261960458713,-0.8739357917418138
RIGHT,steady,movement_calibration_steering.csv:11580,8,2.8361370866872084,-0.8744526123563467
RIGHT,steady,movement_calibration_steering.csv:11580,9,2.6282398213498834,-0.8736933134377569
RIGHT,steady,movement_calibration_steering.csv:11580,10,2.8370480653889505,-0.8730673588432634
RIGHT,steady,movement_calibration_steering.csv:11580,11,2.6323243042566316,-0.8731062196061163
STRAIGHT,pre-pulse,movement_calibration_steering.csv:11580,0,2.6451017924393447,
LEFT,1,movement_calibration_steering.csv:11713,1,2.848411477362326,0.8662640245997788
LEFT,2,movement_calibration_steering.csv:11713,2,2.6186877884803454,0.8372257393467604
LEFT,3,movement_calibration_steering.csv:11713,3,2.846957521288486,0.9058323736445946
LEFT,4,movement_calibration_steering.csv:11713,4,2.6195288731335884,0.8394230952584247
LEFT,5,movement_calibration_steering.csv:11713,5,2.845758690631782,0.9069661944339158
LEFT,steady,movement_calibration_steering.csv:11713,6,2.624482513805866,0.8376307547901698
LEFT,steady,movement_calibration_steering.csv:11713,7,2.841295705088244,0.9066309511542405
LEFT,steady,movement_calibration_steering.csv:11713,8,2.627838768203504,0.8383857423431618
LEFT,steady,movement_calibration_steering.csv:11713,9,2.842977450951433,0.9076079429420556
STRAIGHT,pre-pulse,movement_calibration_steering.csv:11713,0,2.6205567278973056,
RIGHT,1,movement_calibration_steering.csv:11823,1,2.621025283231536,-0.7534821055705714
RIGHT,2,movement_calibration_steering.csv:11823,2,2.845103614478229,-0.9087947461336432
RIGHT,3,movement_calibration_steering.csv:11823,3,2.624886081230444,-0.8386402258385398
RIGHT,4,movement_calibration_steering.csv:11823,4,2.843645274569253,-0.9088029018944223
RIGHT,5,movement_calibration_steering.csv:11823,5,2.6209038509968052,-0.8396640640968065
RIGHT,steady,movement_calibration_steering.csv:11823,6,2.844798663943427,-0.9077777034560048
RIGHT,steady,movement_calibration_steering.csv:11823,7,2.6228078976806426,-0.8382132124587405
RIGHT,steady,movement_calibration_steering.csv:11823,8,2.8430688503598582,-0.9084155060269032
RIGHT,steady,movement_calibration_steering.csv:11823,9,2.6264176284440235,-0.8393394083341668
RIGHT,steady,movement_calibration_steering.csv:11823,10,2.844817576899244,-0.9081340735784122
RIGHT,steady,movement_calibration_steering.csv:11823,11,2.6197983532047666,-0.8396767839779287
RIGHT,steady,movement_calibration_steering.csv:11823,12,2.8428481873806843,-0.9069115161038033
RIGHT,steady,movement_calibration_steering.csv:11823,13,2.841973530101088,-0.8403250180704855
STRAIGHT,pre-pulse,movement_calibration_steering.csv:11823,0,2.8424488580338334,
LEFT,1,movement_calibration_steering.csv:11985,1,2.8422876775991956,0.8295785842846357
LEFT,2,movement_calibration_steering.csv:11985,2,2.626229320480376,0.8731814519346713
LEFT,3,movement_calibration_steering.csv:11985,3,2.837435018269001,0.9065670104427946
LEFT,4,movement_calibration_steering.csv:11985,4,2.6287862017990693,0.8383619297630434
LEFT,5,movement_calibration_steering.csv:11985,5,2.843298486325357,0.9067578041602538
LEFT,steady,movement_calibration_steering.csv:11985,6,2.619959480349736,0.8382969035291876
LEFT,steady,movement_calibration_steering.csv:11985,7,2.8463728715652112,0.906395798665586
LEFT,steady,movement_calibration_steering.csv:11985,8,2.624794150586612,0.8387125554171115
LEFT,steady,movement_calibration_steering.csv:11985,9,2.8407012878469518,0.906936337279233
STRAIGHT,pre-pulse,movement_calibration_steering.csv:11985,0,2.6263010259834516,
RIGHT,1,movement_calibration_steering.csv:12126,1,3.0595196609561603,-0.8247032275898658
RIGHT,2,movement_calibration_steering.csv:12126,2,2.6264037374224496,-0.8387623265716778
RIGHT,3,movement_calibration_steering.csv:12126,3,2.8401442455194217,-0.9080006192745536
RIGHT,4,movement_calibration_steering.csv:12126,4,2.6299233274282865,-0.8742574122415916
RIGHT,5,movement_calibration_steering.csv:12126,5,2.622623241336425,-0.873845227489312
RIGHT,steady,movement_calibration_steering.csv:12126,6,2.8436024354048555,-0.8384018359300844
RIGHT,steady,movement_calibration_steering.csv:12126,7,2.6208931923726095,-0.9088169289615688
RIGHT,steady,movement_calibration_steering.csv:12126,8,2.625120196189613,-0.8384192446678131
STRAIGHT,pre-pulse,movement_calibration_steering.csv:12126,0,2.627444898472623,
LEFT,1,movement_calibration_steering.csv:12229,1,2.625031251081196,0.7899769912972806
LEFT,2,movement_calibration_steering.csv:12229,2,2.624151523726899,0.8723312038471396
LEFT,3,movement_calibration_steering.csv:12229,3,2.844801470428991,0.8726760739134481
LEFT,4,movement_calibration_steering.csv:12229,4,2.8444548593779326,0.8724140204379449
LEFT,5,movement_calibration_steering.csv:12229,5,2.6218238007025434,0.8707157804893757
LEFT,steady,movement_calibration_steering.csv:12229,6,2.845937161922322,0.8757571048234882
LEFT,steady,movement_calibration_steering.csv:12229,7,2.623930310931211,0.8698797813864161
LEFT,steady,movement_calibration_steering.csv:12229,8,2.840354245209936,0.8749971605526943
LEFT,steady,movement_calibration_steering.csv:12229,9,2.6269398869324414,0.869040312702241
LEFT,steady,movement_calibration_steering.csv:12229,10,2.841640944691293,0.874598748021632
LEFT,steady,movement_calibration_steering.csv:12229,11,2.6259076663450873,0.8725426572845789
STRAIGHT,pre-pulse,movement_calibration_steering.csv:12229,0,2.846955812114782,
RIGHT,1,movement_calibration_steering.csv:12368,1,2.6230397231334868,-0.7571839235399715
RIGHT,2,movement_calibration_steering.csv:12368,2,2.8458945833890525,-0.9080987416488151
RIGHT,3,movement_calibration_steering.csv:12368,3,2.6228008860198164,-0.839599645653733
RIGHT,4,movement_calibration_steering.csv:12368,4,2.83749882195483,-0.9074160431824968
RIGHT,5,movement_calibration_steering.csv:12368,5,2.6316514726231053,-0.8398328031231568
RIGHT,steady,movement_calibration_steering.csv:12368,6,2.8402714794597608,-0.9082356540918461
RIGHT,steady,movement_calibration_steering.csv:12368,7,2.6251515476435654,-0.8386011021296254
RIGHT,steady,movement_calibration_steering.csv:12368,8,2.8433987861513907,-0.9082720774483781
RIGHT,steady,movement_calibration_steering.csv:12368,9,2.6210378220862407,-0.8392385358027799
RIGHT,steady,movement_calibration_steering.csv:12368,10,2.845720345733751,-0.9074690694438985
RIGHT,steady,movement_calibration_steering.csv:12368,11,2.626538633010609,-0.8387447891389099
RIGHT,steady,movement_calibration_steering.csv:12368,12,2.840205293261806,-0.9088083237305238
RIGHT,steady,movement_calibration_steering.csv:12368,13,2.626659673845753,-0.8386664319664039
STRAIGHT,pre-pulse,movement_calibration_steering.csv:12368,0,2.6253013969315573,
LEFT,1,movement_calibration_steering.csv:12534,1,2.8414255251804357,0.7887271256132649
LEFT,2,movement_calibration_steering.csv:12534,2,2.62635403212509,0.8726247052989962
LEFT,3,movement_calibration_steering.csv:12534,3,2.8379388848461518,0.8714701202510566
LEFT,4,movement_calibration_steering.csv:12534,4,2.630144406132037,0.8729398280689944
LEFT,5,movement_calibration_steering.csv:12534,5,2.8344961929715593,0.9064027420469642
LEFT,steady,movement_calibration_steering.csv:12534,6,2.632124758472476,0.8388713450956438
LEFT,steady,movement_calibration_steering.csv:12534,7,2.8390172470572392,0.9073333295399335
LEFT,steady,movement_calibration_steering.csv:12534,8,2.6243333226070655,0.8371398457746633
LEFT,steady,movement_calibration_steering.csv:12534,9,2.8422309955878764,0.9073376609151165
LEFT,steady,movement_calibration_steering.csv:12534,10,2.6218344976943997,0.8375780318072046
LEFT,steady,movement_calibration_steering.csv:12534,11,2.850587021978864,0.9052647026423895
LEFT,steady,movement_calibration_steering.csv:12534,12,2.619090765416886,0.8394272517862138
LEFT,steady,movement_calibration_steering.csv:12534,13,2.8453019713531793,0.9074033271985709
STRAIGHT,pre-pulse,movement_calibration_steering.csv:12534,0,2.845381150812624,
RIGHT,1,movement_calibration_steering.csv:12692,1,2.847867826316511,-0.8238821740229696
RIGHT,2,movement_calibration_steering.csv:12692,2,2.624412644652621,-0.840118869731826
RIGHT,3,movement_calibration_steering.csv:12692,3,2.8385259835602614,-0.9089449920036068
RIGHT,4,movement_calibration_steering.csv:12692,4,2.6280339638841244,-0.8035957973939061
RIGHT,5,movement_calibration_steering.csv:12692,5,2.8429457387722326,-0.9419271945151984
RIGHT,steady,movement_calibration_steering.csv:12692,6,2.6232898790853287,-0.8054889486706083
RIGHT,steady,movement_calibration_steering.csv:12692,7,2.843651310677327,-0.9421627367789585
RIGHT,steady,movement_calibration_steering.csv:12692,8,2.624913488761059,-0.8395069922057785
RIGHT,steady,movement_calibration_steering.csv:12692,9,2.8390705834471133,-0.9083631072635923
RIGHT,steady,movement_calibration_steering.csv:12692,10,2.8427698156809953,-0.8384258060373195
RIGHT,steady,movement_calibration_steering.csv:12692,11,2.624917764446697,-0.9090133794366215
RIGHT,steady,movement_calibration_steering.csv:12692,12,2.8421081526602023,-0.8390228318798023
RIGHT,steady,movement_calibration_steering.csv:12692,13,2.6283766317921184,-0.907704798156507
STRAIGHT,pre-pulse,movement_calibration_steering.csv:12692,0,2.6272567504994946,
LEFT,1,movement_calibration_steering.csv:12854,1,2.8476897756058994,0.8665927178981505
LEFT,2,movement_calibration_steering.csv:12854,2,2.627828836060307,0.8375383217218708
LEFT,3,movement_calibration_steering.csv:12854,3,2.8392015444524623,0.906709833188784
LEFT,4,movement_calibration_steering.csv:12854,4,2.6223150540121574,0.8725328440600357
LEFT,5,movement_calibration_steering.csv:12854,5,2.840401045869022,0.8717445611177679
LEFT,steady,movement_calibration_steering.csv:12854,6,2.6243451808992972,0.8730634418420884
LEFT,steady,movement_calibration_steering.csv:12854,7,2.8466511169366373,0.8729830451796579
LEFT,steady,movement_calibration_steering.csv:12854,8,2.6203307771161253,0.8722792135669515
LEFT,steady,movement_calibration_steering.csv:12854,9,2.847682439735669,0.8721399208139431
LEFT,steady,movement_calibration_steering.csv:12854,10,2.8420398246414433,0.873055164907127
LEFT,steady,movement_calibration_steering.csv:12854,11,2.6239157718932042,0.8720399588276777
LEFT,steady,movement_calibration_steering.csv:12854,12,2.84425493148147,0.8722548458668751
LEFT,steady,movement_calibration_steering.csv:12854,13,2.6242683736921366,0.8728766372639445
STRAIGHT,pre-pulse,movement_calibration_steering.csv:12854,0,2.620441974687567,
RIGHT,1,movement_calibration_steering.csv:13002,1,2.8467758366384897,-0.821139558845756
RIGHT,2,movement_calibration_steering.csv:13002,2,2.6226758022179273,-0.8743174233086023
RIGHT,3,movement_calibration_steering.csv:13002,3,2.842448830870692,-0.8395968619126878
RIGHT,4,movement_calibration_steering.csv:13002,4,2.6234903339613957,-0.8731334220507103
RIGHT,5,movement_calibration_steering.csv:13002,5,2.84340541787032,-0.8734549193492773
RIGHT,steady,movement_calibration_steering.csv:13002,6,2.6223840151152937,-0.8726815227428317
RIGHT,steady,movement_calibration_steering.csv:13002,7,2.6285484619051527,-0.8749244505314904
RIGHT,steady,movement_calibration_steering.csv:13002,8,2.843184573370803,-0.8728982786431994
RIGHT,steady,movement_calibration_steering.csv:13002,9,2.8429806355227774,-0.8734568239244043
RIGHT,steady,movement_calibration_steering.csv:13002,10,2.6198634994628778,-0.8737666644565278
RIGHT,steady,movement_calibration_steering.csv:13002,11,2.8474034229836414,-0.8737893943605961
STRAIGHT,pre-pulse,movement_calibration_steering.csv:13002,0,2.845045469540153,
LEFT,1,movement_calibration_steering.csv:13136,1,2.626902610116911,0.754645052825325
LEFT,2,movement_calibration_steering.csv:13136,2,2.844015301702795,0.9070701662052129
LEFT,3,movement_calibration_steering.csv:13136,3,2.6215083183491785,0.8377414504850921
LEFT,4,movement_calibration_steering.csv:13136,4,2.843278530012531,0.9073587118226395
LEFT,5,movement_calibration_steering.csv:13136,5,2.6257711905365544,0.8377664003320783
LEFT,steady,movement_calibration_steering.csv:13136,6,2.8446558361502388,0.9075460179850157
LEFT,steady,movement_calibration_steering.csv:13136,7,2.6263409689467587,0.8364015390169599
LEFT,steady,movement_calibration_steering.csv:13136,8,2.836552889880961,0.908032931587361
LEFT,steady,movement_calibration_steering.csv:13136,9,2.6256453100708077,0.837558581800133
LEFT,steady,movement_calibration_steering.csv:13136,10,2.6336526366650275,0.9074723048143962
LEFT,steady,movement_calibration_steering.csv:13136,11,2.622541102445568,0.8718773481908686
LEFT,steady,movement_calibration_steering.csv:13136,12,2.8355971310460704,0.8733793040844384
LEFT,steady,movement_calibration_steering.csv:13136,13,2.627770412592084,0.8368473538683681
STRAIGHT,pre-pulse,movement_calibration_steering.csv:13136,0,2.624966642454463,
RIGHT,1,movement_calibration_steering.csv:13282,1,2.8410196983569684,-0.8244369699652325
RIGHT,2,movement_calibration_steering.csv:13282,2,2.625722305322758,-0.8395623927656346
RIGHT,3,movement_calibration_steering.csv:13282,3,2.843824146248114,-0.9082313777077466
RIGHT,4,movement_calibration_steering.csv:13282,4,2.6269201832109865,-0.8390960944883776
RIGHT,5,movement_calibration_steering.csv:13282,5,2.8392568647708347,-0.9080993886033806
RIGHT,steady,movement_calibration_steering.csv:13282,6,2.627373340700703,-0.873033002515057
RIGHT,steady,movement_calibration_steering.csv:13282,7,2.842638232078563,-0.8739246122318338
RIGHT,steady,movement_calibration_steering.csv:13282,8,2.625314341554951,-0.8390749896225298
RIGHT,steady,movement_calibration_steering.csv:13282,9,2.8390690432189682,-0.9087211459352105
RIGHT,steady,movement_calibration_steering.csv:13282,10,2.6244629529883547,-0.840005155476776
RIGHT,steady,movement_calibration_steering.csv:13282,11,2.8471757421748647,-0.9069703400636566
RIGHT,steady,movement_calibration_steering.csv:13282,12,2.6244710594915275,-0.8384113854079036
RIGHT,steady,movement_calibration_steering.csv:13282,13,2.8393640451817848,-0.9088964235428048
RIGHT,steady,movement_calibration_steering.csv:13282,14,2.628950201335927,-0.9082205943837423
LEFT,1,movement_calibration_steering.csv:13446,1,2.8462498596792174,0.8038809895776007
LEFT,2,movement_calibration_steering.csv:13446,2,2.6214427764071107,0.8716327555897538
LEFT,3,movement_calibration_steering.csv:13446,3,2.845166248340219,0.8725071585199347
LEFT,4,movement_calibration_steering.csv:13446,4,2.842289325627855,0.8727927498152548
LEFT,5,movement_calibration_steering.csv:13446,5,2.6257697735690826,0.8719176685735759
LEFT,steady,movement_calibration_steering.csv:13446,6,2.8410227518633526,0.8735836430280992
LEFT,steady,movement_calibration_steering.csv:13446,7,2.6285160274428545,0.8723286145003684
LEFT,steady,movement_calibration_steering.csv:13446,8,2.8409270956870722,0.9061369819669842
LEFT,steady,movement_calibration_steering.csv:13446,9,2.6211379501977294,0.8374392690656833
LEFT,steady,movement_calibration_steering.csv:13446,10,2.847755068435452,0.9072051679837028
STRAIGHT,pre-pulse,movement_calibration_steering.csv:13446,0,2.6271324132186824,
