action,duration_s,distance_cells,heading_change_radians,focused_all,pre_speed_cells_per_sec,post_speed_early_cells_per_sec,post_heading_settle_radians
RIGHT,0.05924000000000085,0.656247903870086,,True,13.851310944844267,13.838114930637802,-0.009995117610508641
LEFT,0.12040999999999968,1.530982874100209,0.06979234084539376,True,14.370161799258048,13.661785812109349,0.009957812788368381
RIGHT,0.07995000000000019,1.0934815894149235,,True,13.841421072231626,13.676952387691616,4.524525198723595e-06
LEFT,0.11988999999999983,1.9682108228248985,0.12970607937926548,True,13.120571868328168,13.660249354836614,0.011626504359600442
RIGHT,0.07969000000000115,1.093760796589011,,True,13.671393991525466,14.373303073462765,1.4027100279090376e-06
LEFT,0.07992999999999917,1.0934796619772034,,True,13.853549057904797,13.842043513959165,0.011626322123440502
RIGHT,0.11988999999999983,1.5309831978549888,-0.06989582661251181,True,13.684135374208914,13.121477556844992,-1.8621468855783974e-07
LEFT,0.07975000000000065,1.0937483947250337,,True,13.847195186897617,14.371159262234327,0.00996775620763124
RIGHT,0.12005999999999872,1.749471605923302,-0.09324046324089874,True,13.679091052197506,13.696014607775094,8.500706794034585e-07
LEFT,0.12009000000000114,1.7494926796007804,0.05990404503061164,True,13.111092751467709,13.67051855872521,-1.2434497875801753e-14
RIGHT,0.10004999999999953,1.3122350187151568,,True,13.661553724160525,13.850176913120155,-0.011646315823575337
LEFT,0.12014999999999887,1.7494680629596027,0.10470046909772557,True,13.851569465663422,13.854125613726858,-4.9278626930160385e-06
RIGHT,0.10020000000000095,1.3122452058360001,,True,13.675258275534183,13.836266612823504,-4.732442690835725e-06
LEFT,0.10004999999999953,1.3122321106802888,,True,13.675808517733564,13.85165404701231,0.009968734341576857
RIGHT,0.09994000000000014,1.3125118958517186,,True,13.672933539386095,13.676883449370454,3.456077919405942e-06
LEFT,0.10019000000000133,1.3122279335825133,,True,13.849906840138326,14.337854732113366,0.011621329692230287
RIGHT,0.10003000000000029,1.3122281136822684,,True,13.665703214878361,13.673105958291284,-0.011646095256106825
LEFT,0.14039000000000001,1.9682053882093413,0.19780224159006532,True,13.666264124926705,13.670358862849534,2.2436322870689196e-06
RIGHT,0.12009999999999721,1.5309852340611574,-0.06989387508449263,True,13.103836565356485,13.667033781796158,8.298940739059901e-07
LEFT,0.17998000000000047,2.405989616671169,0.3374111718852095,True,13.853111679935568,13.852530473057836,1.0795043889899603e-06
RIGHT,0.13978999999999786,1.9682610651019756,-0.19809049875614892,True,13.669095424542936,13.846321255374102,-0.011643860871703993
LEFT,0.1600999999999999,1.9684760434873894,0.2093865019119614,True,14.352249082402148,,
RIGHT,0.0602899999999984,0.8747423596553046,,True,13.849753691940776,13.846807511605553,3.1419736714610735e-06
LEFT,0.12033999999999878,1.749762111126052,0.09479060247552229,True,13.123265105464732,12.988721921227752,0.011619019546498244
RIGHT,0.13993999999999573,1.9679592752052855,-0.2096759586436987,True,13.690315399915233,13.675508536330392,-0.011636223784975197
LEFT,0.11992000000000047,1.9682033112962698,0.12969178029357442,True,12.987678079450088,13.83334198890532,-6.339611189121186e-06
RIGHT,0.10015999999999536,1.3122328935339127,,True,13.656460597354199,13.661992119845562,3.5595739347193955e-06
LEFT,0.08000999999999436,0.875004242755204,,True,13.670938126538667,13.836278250970711,0.0
RIGHT,0.039560000000001594,0.656000279017478,,True,12.986777024126614,13.114857571972676,2.7508390527675175e-06
LEFT,0.040160000000000196,0.6562284828166237,,True,13.66535379836253,13.84144154452886,0.011629852622907055
RIGHT,0.07956999999999681,1.0937276220068055,,True,13.845132489302394,14.34687206363213,-1.1252917098136805e-06
LEFT,0.08003999999999678,1.0934621726579734,,True,13.843445758665558,12.994347240790688,-1.7226804747139113e-06
RIGHT,0.12017000000000166,1.5309797181729203,-0.06986895600292242,True,13.120169069940788,13.840097048085145,-4.677137750208615e-06
LEFT,0.0998999999999981,1.3122375726347464,,True,13.6840765151149,13.688394884917466,8.102994441427924e-06
RIGHT,0.09976999999999947,1.3122380571416499,,True,13.846692418481144,13.679928645513332,-0.01164037836171139
LEFT,0.060029999999997585,0.8747366983249472,,True,13.846269554275693,13.844766923222537,2.1579751570133254e-06
RIGHT,0.05994999999999351,0.6562461137783437,,True,14.36428367982823,13.664820420870711,-0.011637787016452794
LEFT,0.0800000000000054,1.093484453362129,,True,13.674209691318907,13.839253051716678,2.0404528409123657e-06
RIGHT,0.100360000000002,1.311968096376388,,True,13.849839545449763,13.846464675328521,-4.289278556113274e-06
LEFT,0.0796100000000024,1.0937458112876317,,True,13.694693193422063,13.852074052371467,0.011627425654961998
RIGHT,0.059799999999995634,0.8747254995394979,,True,13.842352395789444,13.853175039324073,2.6645352591003757e-15
LEFT,0.07990000000000208,1.0934749620538502,,True,13.843485245505551,14.351342642332417,0.01162390386699097
RIGHT,0.10023999999999944,1.3122277796532684,,True,13.849393614330465,13.666946222515527,-4.503382337484041e-06
LEFT,0.07959999999999923,1.0934886509600688,,True,12.999840139154152,13.849431955967708,-3.7928757534722024e-07
RIGHT,0.06015000000000015,0.8747356023110255,,True,13.679027507981722,13.849520621819343,-0.011641942355262724
LEFT,0.09993000000000052,1.3122291450339978,,True,13.666294792772751,13.851397391443147,-1.0718539587006859e-06
RIGHT,0.1601700000000008,2.405622413123985,-0.2708800021629667,True,13.121082213908869,14.350407740951175,1.7536790912764388e-06
LEFT,0.15962999999999994,2.1872317591041095,0.23439534526715589,True,13.687583774600538,,
RIGHT,0.2599599999999995,3.499197175371992,-0.6989119527509263,True,13.669343874366474,14.369476352044737,-0.011644464890264883
LEFT,0.5599899999999991,7.654393371718808,1.9891925671458275,True,13.121530551238973,14.349657178892247,0.011628589479845353
RIGHT,0.7801100000000005,10.716084620029154,-2.9605002798983735,True,13.667999373482186,13.674289558271347,-8.659739592076221e-15
LEFT,0.8999299999999977,12.465544590472582,3.489802406574417,True,13.123979624716515,13.838926251244814,-6.217248937900877e-15
RIGHT,0.9202000000000012,12.684262280959091,-3.599440523369855,True,13.6701493531726,13.682738220119445,-0.011647168210204617
LEFT,0.8599099999999993,11.809599270772557,3.3502264707352962,True,13.853872725844266,13.848275127916178,-7.317861356881394e-07
RIGHT,0.7803699999999907,10.716072455565113,-2.9704063843156994,True,13.83720935905517,13.122174390811908,-0.011649072084310652
LEFT,0.6798800000000114,9.403845962962597,2.547566181381575,True,13.116055514066856,13.852350470500216,0.0116290965749406
RIGHT,0.6801199999999881,9.403325308695813,-2.5394613726417163,True,14.369357591934419,13.665497882883969,-0.01164404240461614
LEFT,0.6799500000000052,9.421079146446779,2.5475525564572665,True,13.66508345231112,13.682809857810037,0.011627247088707549
RIGHT,0.69986999999999,9.62262550915343,-2.6209553595309507,True,13.65890081764796,13.667436112326989,0.0
LEFT,0.7400400000000076,10.27859428527811,2.8500567423827374,True,13.673416176257183,13.846782183796398,-1.2878587085651816e-14
RIGHT,0.6199500000000029,8.529094358094834,-2.259897506632332,True,13.848627683220423,13.122953878254734,-0.011637843806782774
LEFT,0.6798500000000018,9.404122299570782,2.5359876941295587,True,13.671173996524566,13.684531561987022,0.011622500013094061
RIGHT,0.6999600000000044,9.622618911072266,-2.6093625543020518,True,14.350795061268032,13.687065921449358,1.1796119636642288e-15
LEFT,0.7401200000000046,10.060095415289481,2.7802571052646727,True,13.666989401491435,13.850432437476323,4.640765419061665e-06
RIGHT,0.739689999999996,10.278587474138373,-2.8539730601234283,True,13.875248029598167,13.674371509659245,-5.139247697613647e-06
LEFT,0.8000899999999973,10.93488543202275,3.071021052560879,True,13.850886709010346,13.849351006285652,-3.265987573719542e-07
RIGHT,0.5,6.998368515705027,-1.7706587137239707,True,13.85074561772337,13.83999215170656,-0.009971238260526594
LEFT,0.6402199999999993,8.966649206747494,2.363165160879205,True,13.690816038070759,13.119974645442863,-6.661338147750939e-15
RIGHT,0.4996799999999979,6.779645693202971,-1.7473096669857302,True,13.85300157034739,13.718669034762447,-1.0658141036401503e-14
LEFT,0.5798099999999948,7.873172452908774,2.093878595715301,True,13.848415053534936,13.690156778998102,8.005354152906818e-07
RIGHT,0.5399500000000046,7.435626653664625,-1.9220450155964637,True,13.672634423659055,13.007380554276901,-7.105427357601002e-15
LEFT,0.49992000000000303,6.779668472006387,1.7448880391202777,True,13.83985984011699,13.678205045839643,3.9968028886505635e-15
RIGHT,0.47990000000000066,6.560884380471723,-1.6774178427591298,True,13.678186448440055,14.346467063692478,-0.011643362341477559
LEFT,0.5999300000000005,8.091886601767438,2.163672825939263,True,13.11353741933771,13.846003245290307,-2.4424906541753444e-15
RIGHT,0.5199599999999975,6.998395027349221,-1.8171438125724382,True,13.668169008096466,13.686679781783704,-4.029766842883475e-06
LEFT,0.560220000000001,7.6543818457590485,1.9891902839074156,True,14.357988545991857,13.685793658050024,4.288296777676948e-06
RIGHT,0.43975000000000364,5.904922169373426,-1.4676416377535668,True,14.370989621241641,13.84304394737557,-0.011640070881737685
LEFT,0.3796300000000059,5.248674404711104,1.2563289951991206,True,13.670934696809836,13.670497098917881,5.2633121145895245e-06
LEFT,0.3998800000000102,5.467403432896109,1.2796412114701843,True,13.68375525718418,13.6772687776855,0.011633963268809666
RIGHT,0.27992000000000417,3.718212964747041,-0.7589123327775409,True,13.118422950208345,13.689182373064321,1.021405182655144e-14
LEFT,0.459549999999993,6.342132618018481,1.5704154297464301,True,13.109057560862414,13.118426445410313,0.01162323685906097
RIGHT,0.40008000000000266,5.467415975040213,-1.3279575392766587,True,14.347377808920168,13.684475358310694,-0.011643721492249903
LEFT,0.47965999999999553,6.341609442869884,1.605304069376327,True,13.83682484446187,13.849730695371738,-6.773473055776691e-07
RIGHT,0.47990000000000066,6.561129513658255,-1.6658084219423512,True,13.680554753240518,13.68412362740135,-0.01164214497100613
LEFT,0.4600500000000096,6.34216739441929,1.5937226987344233,True,13.835082346237096,12.990776994599274,-1.354472090042691e-14
RIGHT,0.5801100000000048,8.091624988990242,-2.1217920028107016,True,13.11456895005709,14.06897266568352,-0.011637920785867895
LEFT,0.5397800000000075,7.435662163579226,1.942695227032241,True,,13.85022421762041,0.011625436638043496
RIGHT,0.5203099999999949,6.998422161971948,-1.8055892884771585,True,13.85022421762041,14.369256525051542,-0.011640752200487992
LEFT,0.400030000000001,5.46742798609315,1.2813188290316577,True,13.670405432870313,14.355618491691532,0.009967612586675778
RIGHT,0.479920000000007,6.560890681924721,-1.6774047089356618,True,14.355984130955958,13.68931427438599,3.198996789022246e-06
LEFT,0.3599799999999931,5.030161283414497,1.1749651484556582,True,13.67991600402374,13.68126032616971,0.011632100647658183
RIGHT,0.4400399999999962,6.123670898265816,-1.5259945544310813,True,13.672689047917988,13.834488789410301,4.755859107641314e-06
LEFT,0.40030000000000143,5.467384313833157,1.291235994662065,True,13.11072416398474,12.989170430524958,0.011622767803185607
RIGHT,0.45992999999999995,6.342416039522406,-1.5959207256715815,True,13.852876886189025,13.842746937500792,-0.011638048464023276
LEFT,0.4599099999999936,6.123650895774593,1.5006037613372167,True,13.842293934784616,13.689677483764065,0.009968002066796544
RIGHT,0.4599199999999968,6.560865273873775,-1.5639179240327648,True,12.990903905151633,13.684265030117805,-0.011654038483102314
LEFT,0.40008000000000266,5.467419692488041,1.2912348526751036,True,13.835682008287126,13.834132994617281,0.0
RIGHT,0.400030000000001,5.467420915212822,-1.3279108857805821,True,13.66230362723225,13.850641820727352,0.0
LEFT,0.48018999999999323,6.5609171248182285,1.6635434650157168,True,13.850662195661556,13.677719134779322,0.009957340351222144
RIGHT,0.4599900000000048,6.123663655336567,-1.4910797260076523,True,13.12489670500963,13.117026955000934,0.0
LEFT,0.6602999999999923,8.966613769180661,2.4428492830804025,True,13.844366413764497,12.990355133981117,-3.385586262449891e-07
RIGHT,0.320139999999995,4.373676539906294,-0.9668970247714603,True,13.849115375956064,13.123559478622957,-0.011646381243021323
LEFT,0.48004000000000246,6.342408565072471,1.6053024685623418,True,13.842113086909082,13.848486542353939,0.0
RIGHT,0.44010000000000105,6.12341752048416,-1.5376200911033253,True,13.679462519072867,13.847325988486586,-0.011643893637210578
LEFT,0.4198499999999967,5.686169739148037,1.3610265036524678,True,13.118584415246582,14.344064840442648,3.932337944823061e-06
RIGHT,0.33991000000000327,4.592692280152665,-1.0134354512771822,True,13.841513924904307,13.005004506012,-0.011642249155305873
LEFT,0.4399800000000056,5.904942111186485,1.4657270482588847,True,13.685632730999595,13.66750794332584,0.01162612785315753
RIGHT,0.3803400000000039,5.248632349711498,-1.2580622017350906,True,13.848088917304743,13.84724895440587,-0.011641496345244862
LEFT,0.47997000000000867,6.560940357923256,1.6635421501723975,True,13.850477574606499,13.681760983722466,0.00996402680873798
RIGHT,0.4799900000000008,6.560917939647763,-1.6308797026250665,True,13.118073961862313,13.669203986322842,1.226796442210798e-14
LEFT,0.5400499999999937,7.435403711261268,1.954304849347368,True,13.84434203668402,13.854237525233312,0.011625263313866263
RIGHT,1.7999700000000018,24.49343525465346,-7.408452426266299,True,13.114821356838535,13.845213649453374,-0.009980386657896467
LEFT,1.9995499999999993,27.118588525713967,8.235942415727012,True,14.353089979828384,13.467183871518142,0.009976303271280074
RIGHT,1.9997199999999964,27.55506891159906,-8.307152477530982,True,,13.854031370461486,5.994224191452346e-06
LEFT,2.280290000000008,31.05502282943233,9.49226967759379,True,13.854031370461486,13.677568449050028,-3.8399744798356394e-06
RIGHT,2.0399400000000014,27.993021372698788,-8.446814232950732,True,13.849718287209141,,
LEFT,2.440230000000014,33.45994755922553,10.248449318038901,True,,14.069880963845963,0.009966038383121045
RIGHT,2.0602300000000184,27.993378299201066,-8.526735214860286,True,,14.34421694215132,-0.009982576512242103
LEFT,1.5199599999999975,20.776194503623326,6.167044448892649,True,13.675613115801767,14.348493180157504,0.01170574638803168
RIGHT,1.9000500000000216,25.586711558621936,-7.792881080173832,True,13.00439852941544,13.849933784979962,-0.009982175771223734
LEFT,1.9598700000000235,26.68109421431215,8.061456123952711,True,13.664061258382247,13.852328660427943,-2.144952839122638e-06
RIGHT,1.7803100000000143,24.275355318548925,-7.326879904407576,True,14.345167662074934,13.919064669526612,2.4481544169674407e-06
LEFT,1.8197600000000023,24.931415952688035,7.503085449138899,True,,13.667530472739458,0.01163097244957334
RIGHT,1.9596699999999885,26.89960090142709,-8.130622803380191,True,13.663666413437994,12.76760052687204,6.661338147750939e-15
LEFT,1.5597199999999987,21.212898439368626,6.351441201469026,True,,14.573451689077247,0.009969100824252841
RIGHT,2.1999600000000044,30.17983197419926,-9.19069845044746,True,,13.679004781136808,-0.011645055226017165
LEFT,1.6797799999999938,22.96318150368553,6.909826003655103,True,13.84432175608152,13.120503566826944,6.595065533687716e-07
RIGHT,1.7199099999999987,23.400632349908186,-7.059007043640425,True,13.850347680969682,13.853779976216087,-0.011639018793886957
LEFT,1.7599600000000066,24.05692631376846,7.247220156496629,True,13.851927543736362,13.686883973633188,0.011620289410708029
RIGHT,1.8201400000000092,24.931390743670214,-7.513291441443455,True,12.982635293013963,13.853163472792948,4.7607130921716034e-06
LEFT,1.9601100000000145,26.899737842862134,8.121378798815947,True,13.00484252275289,12.996667910383382,0.011624306364153458
RIGHT,2.5801199999999938,35.209468033366406,-10.833077842168983,True,13.835080362206481,13.106379896283535,-2.0703064826932405e-06
LEFT,1.839979999999997,25.149810522637193,7.57286233995516,True,14.419233651222019,13.661778811212084,0.011630170773227588
RIGHT,1.840440000000001,25.150089144936125,-7.583070451147042,True,13.672849490864923,13.002065438564921,-2.531308496145357e-14
LEFT,1.9596099999999979,26.68107791338155,8.096348888163217,True,13.657749253007436,13.66242375672449,-3.8967322096850054e-06
RIGHT,1.9202200000000005,26.24350300267256,-7.967485172081153,True,14.35677032760216,13.853249290053897,0.0
LEFT,1.980240000000009,27.11840320496196,8.224360286227506,True,13.675303064714205,13.672378075809942,0.01163000989205936
RIGHT,2.1199399999999855,29.0864863347163,-8.82954934231848,True,13.674966122570362,13.668447345230522,-1.5364383667559878e-06
LEFT,1.2996100000000013,17.71479118774904,5.223142949609929,True,13.843086791640657,,
RIGHT,1.8399699999999939,25.15007759151567,-7.583177673710439,True,13.851073487069224,13.111066892475407,-0.011639022680604738
LEFT,2.17992000000001,29.742822591119715,9.06190359344998,True,13.665996773127633,13.850408140216896,-2.220446049250313e-15
RIGHT,1.8800099999999986,25.80554347252874,-7.816198882158483,True,13.680809715651089,13.679606247181592,-0.01164488910127126
LEFT,1.9998899999999935,27.33707801874828,8.294142443746756,True,13.675341009311206,,
RIGHT,2.180020000000013,29.96139807211586,-9.110783403070318,True,,14.299001720859238,6.52569482312293e-07
LEFT,2.3000200000000177,31.492253003418654,9.585374717885983,True,,12.99653761129841,0.011618040146323505
RIGHT,2.0602099999999837,28.21186543577544,-8.550089941043947,True,13.84604198209531,12.990014541964443,-0.011647208509070861
LEFT,2.119720000000001,29.08575943395066,8.829225583900381,True,13.686080266734889,13.848913998780539,0.011624086472508566
RIGHT,2.200029999999998,30.180328774962415,-9.180773586060289,True,13.182028567888272,13.692051174736354,0.0
LEFT,1.859960000000001,25.5873987815887,7.747379239769666,True,13.845463569477907,13.8504947857706,0.011627660034146281
RIGHT,2.6202399999999955,35.86626045319639,-10.996189664229348,True,13.8504947857706,13.850404479446178,-0.0099739596688182
LEFT,1.920170000000013,26.462156955204374,7.9916488634900755,True,13.670460955345487,13.668727290930185,0.011623882470939546
RIGHT,1.76015000000001,24.275312819548816,-7.258769134163239,True,13.665741138588896,14.298870161802204,-0.011651239470594543
LEFT,2.3195599999999956,31.492562708786178,9.631884425314569,True,,13.85043689112996,-1.3322676295501878e-15
RIGHT,2.7601300000000037,37.615940880825754,-11.566935143533346,True,13.118842766657334,13.67585159588602,-4.524950216300283e-06
LEFT,2.7002999999999986,36.95971115756678,11.376763015875767,True,14.3605245377732,13.841529264944807,2.5015116986715213e-06
RIGHT,2.740019999999987,37.61521073492355,-11.590293797429453,True,13.84475669590467,13.837548213585842,0.0
LEFT,2.6198800000000233,35.866208462963534,11.027798737806737,True,12.985437017761477,13.845780007524029,-4.728821825006335e-06
RIGHT,2.360090000000014,32.14817803732583,-9.889513332450138,True,13.845780007524029,13.285891246093952,-3.6423864133716677e-06
LEFT,2.719850000000008,37.178447565615215,11.41167196046339,True,,,
RIGHT,2.940050000000042,40.239884993698176,-12.440587954619222,True,,13.135449994393758,-4.641728694743108e-06
LEFT,2.0597400000000334,28.430623614807697,8.6099251388897,True,,,
