checkpoint_path	module_reference	qualname_if_found
foreground_vision_bot/models/farming/native_strategy_map_context_ppo.zip	farming.sb3_training	TerminalPrefixRolloutBuffer
foreground_vision_bot/models/farming/native_strategy_map_context_ppo.zip	farming.sb3_training	TrainingBoundary
foreground_vision_bot/models/farming/native_strategy_map_context_ppo.zip	farming.sb3_training	TrainingBoundaryKind
foreground_vision_bot/models/farming/native_strategy_map_risk_ppo.zip	farming.sb3_training	TerminalPrefixRolloutBuffer
foreground_vision_bot/models/farming/native_strategy_map_risk_ppo.zip	farming.sb3_training	TrainingBoundary
foreground_vision_bot/models/farming/native_strategy_map_risk_ppo.zip	farming.sb3_training	TrainingBoundaryKind
flyff_farming_simulator/models/_quarantine/canonical_basic_bootstrap_BROKEN_event_head_never_learned_eva_20260808.zip	simulator.split_branch_policy	SplitSteeringNavigationPolicy
flyff_farming_simulator/models/_quarantine/canonical_basic_bootstrap_BROKEN_steering_and_event_collapse_20260807.zip	simulator.split_branch_policy	SplitSteeringNavigationPolicy
flyff_farming_simulator/models/_quarantine/canonical_basic_milestone_001_BROKEN_event_head_never_learned_eva_20260808.zip	simulator.split_branch_policy	SplitSteeringNavigationPolicy
flyff_farming_simulator/models/_quarantine/canonical_basic_milestone_002_BROKEN_event_head_never_learned_eva_20260808.zip	simulator.split_branch_policy	SplitSteeringNavigationPolicy
flyff_farming_simulator/models/_quarantine/canonical_basic_milestone_003_BROKEN_event_head_never_learned_eva_20260808.zip	simulator.split_branch_policy	SplitSteeringNavigationPolicy
flyff_farming_simulator/models/_quarantine/canonical_basic_milestone_004_BROKEN_event_head_never_learned_eva_20260808.zip	simulator.split_branch_policy	SplitSteeringNavigationPolicy
flyff_farming_simulator/models/_quarantine/canonical_beginner_graduated_PROVISIONAL_OLD_COLLISION_BAR_20260808.zip	simulator.split_branch_policy	SplitSteeringNavigationPolicy
flyff_farming_simulator/models/_quarantine/canonical_intermediate_graduated_PROVISIONAL_OLD_COLLISION_BAR_20260808.zip	simulator.split_branch_policy	SplitSteeringNavigationPolicy
flyff_farming_simulator/models/archive/20260804_231813/generic_farming_stage1.zip	NONE	NONE
flyff_farming_simulator/models/archive/20260804_231813/generic_farming_stage1_checkpoints/generic_farming_stage1_25000_steps.zip	NONE	NONE
flyff_farming_simulator/models/archive/20260804_231813/generic_farming_stage1_checkpoints/generic_farming_stage1_50000_steps.zip	NONE	NONE
flyff_farming_simulator/models/archive/20260805_013718/generic_farming_v17_pilot.zip	NONE	NONE
flyff_farming_simulator/models/archive/20260805_013718/generic_farming_v17_pilot_checkpoints/generic_farming_v17_pilot_5000_steps.zip	NONE	NONE
flyff_farming_simulator/models/archive/20260805_190420/generic_farming_v193_pilot_teacher.zip	NONE	NONE
flyff_farming_simulator/models/archive/20260806_000035/generic_farming_pilot_teacher.zip	NONE	NONE
flyff_farming_simulator/models/canonical_advanced_ppo_010k.zip	simulator.split_branch_policy	SplitSteeringNavigationPolicy
flyff_farming_simulator/models/canonical_advanced_ppo_010k_rehearsed.zip	simulator.split_branch_policy	SplitSteeringNavigationPolicy
flyff_farming_simulator/models/canonical_advanced_ppo_020k.zip	simulator.split_branch_policy	SplitSteeringNavigationPolicy
flyff_farming_simulator/models/canonical_advanced_ppo_020k_rehearsed.zip	simulator.split_branch_policy	SplitSteeringNavigationPolicy
flyff_farming_simulator/models/canonical_advanced_ppo_030k.zip	simulator.split_branch_policy	SplitSteeringNavigationPolicy
flyff_farming_simulator/models/canonical_advanced_ppo_030k_rehearsed.zip	simulator.split_branch_policy	SplitSteeringNavigationPolicy
flyff_farming_simulator/models/canonical_advanced_ppo_040k.zip	simulator.split_branch_policy	SplitSteeringNavigationPolicy
flyff_farming_simulator/models/canonical_advanced_ppo_040k_rehearsed.zip	simulator.split_branch_policy	SplitSteeringNavigationPolicy
flyff_farming_simulator/models/canonical_advanced_ppo_050k.zip	simulator.split_branch_policy	SplitSteeringNavigationPolicy
flyff_farming_simulator/models/canonical_advanced_ppo_050k_rehearsed.zip	simulator.split_branch_policy	SplitSteeringNavigationPolicy
flyff_farming_simulator/models/canonical_advanced_ppo_060k.zip	simulator.split_branch_policy	SplitSteeringNavigationPolicy
flyff_farming_simulator/models/canonical_advanced_ppo_060k_rehearsed.zip	simulator.split_branch_policy	SplitSteeringNavigationPolicy
flyff_farming_simulator/models/canonical_advanced_ppo_070k.zip	simulator.split_branch_policy	SplitSteeringNavigationPolicy
flyff_farming_simulator/models/canonical_advanced_ppo_070k_rehearsed.zip	simulator.split_branch_policy	SplitSteeringNavigationPolicy
flyff_farming_simulator/models/canonical_advanced_ppo_080k.zip	simulator.split_branch_policy	SplitSteeringNavigationPolicy
flyff_farming_simulator/models/canonical_advanced_ppo_080k_rehearsed.zip	simulator.split_branch_policy	SplitSteeringNavigationPolicy
flyff_farming_simulator/models/canonical_advanced_ppo_090k.zip	simulator.split_branch_policy	SplitSteeringNavigationPolicy
flyff_farming_simulator/models/canonical_advanced_ppo_090k_rehearsed.zip	simulator.split_branch_policy	SplitSteeringNavigationPolicy
flyff_farming_simulator/models/canonical_advanced_ppo_100k.zip	simulator.split_branch_policy	SplitSteeringNavigationPolicy
flyff_farming_simulator/models/canonical_advanced_ppo_100k_rehearsed.zip	simulator.split_branch_policy	SplitSteeringNavigationPolicy
flyff_farming_simulator/models/canonical_advanced_ppo_110k.zip	simulator.split_branch_policy	SplitSteeringNavigationPolicy
flyff_farming_simulator/models/canonical_advanced_ppo_110k_rehearsed.zip	simulator.split_branch_policy	SplitSteeringNavigationPolicy
flyff_farming_simulator/models/canonical_advanced_ppo_120k.zip	simulator.split_branch_policy	SplitSteeringNavigationPolicy
flyff_farming_simulator/models/canonical_advanced_ppo_120k_rehearsed.zip	simulator.split_branch_policy	SplitSteeringNavigationPolicy
flyff_farming_simulator/models/canonical_advanced_ppo_130k.zip	simulator.split_branch_policy	SplitSteeringNavigationPolicy
flyff_farming_simulator/models/canonical_advanced_ppo_130k_rehearsed.zip	simulator.split_branch_policy	SplitSteeringNavigationPolicy
flyff_farming_simulator/models/canonical_advanced_ppo_140k.zip	simulator.split_branch_policy	SplitSteeringNavigationPolicy
flyff_farming_simulator/models/canonical_advanced_ppo_140k_rehearsed.zip	simulator.split_branch_policy	SplitSteeringNavigationPolicy
flyff_farming_simulator/models/canonical_advanced_ppo_150k.zip	simulator.split_branch_policy	SplitSteeringNavigationPolicy
flyff_farming_simulator/models/canonical_advanced_ppo_150k_rehearsed.zip	simulator.split_branch_policy	SplitSteeringNavigationPolicy
flyff_farming_simulator/models/canonical_advanced_ppo_160k.zip	simulator.split_branch_policy	SplitSteeringNavigationPolicy
flyff_farming_simulator/models/canonical_advanced_ppo_160k_rehearsed.zip	simulator.split_branch_policy	SplitSteeringNavigationPolicy
flyff_farming_simulator/models/canonical_advanced_ppo_170k.zip	simulator.split_branch_policy	SplitSteeringNavigationPolicy
flyff_farming_simulator/models/canonical_advanced_ppo_170k_rehearsed.zip	simulator.split_branch_policy	SplitSteeringNavigationPolicy
flyff_farming_simulator/models/canonical_advanced_ppo_180k.zip	simulator.split_branch_policy	SplitSteeringNavigationPolicy
flyff_farming_simulator/models/canonical_advanced_ppo_180k_rehearsed.zip	simulator.split_branch_policy	SplitSteeringNavigationPolicy
flyff_farming_simulator/models/canonical_advanced_ppo_190k.zip	simulator.split_branch_policy	SplitSteeringNavigationPolicy
flyff_farming_simulator/models/canonical_advanced_ppo_190k_rehearsed.zip	simulator.split_branch_policy	SplitSteeringNavigationPolicy
flyff_farming_simulator/models/canonical_advanced_ppo_200k.zip	simulator.split_branch_policy	SplitSteeringNavigationPolicy
flyff_farming_simulator/models/canonical_advanced_ppo_200k_rehearsed.zip	simulator.split_branch_policy	SplitSteeringNavigationPolicy
flyff_farming_simulator/models/canonical_advanced_ppo_210k.zip	simulator.split_branch_policy	SplitSteeringNavigationPolicy
flyff_farming_simulator/models/canonical_advanced_ppo_210k_rehearsed.zip	simulator.split_branch_policy	SplitSteeringNavigationPolicy
flyff_farming_simulator/models/canonical_advanced_ppo_220k.zip	simulator.split_branch_policy	SplitSteeringNavigationPolicy
flyff_farming_simulator/models/canonical_advanced_ppo_220k_rehearsed.zip	simulator.split_branch_policy	SplitSteeringNavigationPolicy
flyff_farming_simulator/models/canonical_advanced_ppo_230k.zip	simulator.split_branch_policy	SplitSteeringNavigationPolicy
flyff_farming_simulator/models/canonical_basic_bootstrap.zip	simulator.split_branch_policy	SplitSteeringNavigationPolicy
flyff_farming_simulator/models/canonical_basic_graduated.zip	simulator.split_branch_policy	SplitSteeringNavigationPolicy
flyff_farming_simulator/models/canonical_basic_milestone_001.zip	simulator.split_branch_policy	SplitSteeringNavigationPolicy
flyff_farming_simulator/models/canonical_basic_milestone_002.zip	simulator.split_branch_policy	SplitSteeringNavigationPolicy
flyff_farming_simulator/models/canonical_basic_milestone_003.zip	simulator.split_branch_policy	SplitSteeringNavigationPolicy
flyff_farming_simulator/models/canonical_basic_milestone_004.zip	simulator.split_branch_policy	SplitSteeringNavigationPolicy
flyff_farming_simulator/models/canonical_basic_milestone_005.zip	simulator.split_branch_policy	SplitSteeringNavigationPolicy
flyff_farming_simulator/models/canonical_basic_milestone_006.zip	simulator.split_branch_policy	SplitSteeringNavigationPolicy
flyff_farming_simulator/models/canonical_beginner_ppo_010k.zip	simulator.split_branch_policy	SplitSteeringNavigationPolicy
flyff_farming_simulator/models/canonical_beginner_ppo_010k_rehearsed.zip	simulator.split_branch_policy	SplitSteeringNavigationPolicy
flyff_farming_simulator/models/canonical_beginner_ppo_020k.zip	simulator.split_branch_policy	SplitSteeringNavigationPolicy
flyff_farming_simulator/models/canonical_beginner_ppo_020k_rehearsed.zip	simulator.split_branch_policy	SplitSteeringNavigationPolicy
flyff_farming_simulator/models/canonical_beginner_ppo_030k.zip	simulator.split_branch_policy	SplitSteeringNavigationPolicy
flyff_farming_simulator/models/canonical_beginner_ppo_030k_rehearsed.zip	simulator.split_branch_policy	SplitSteeringNavigationPolicy
flyff_farming_simulator/models/canonical_beginner_ppo_040k.zip	simulator.split_branch_policy	SplitSteeringNavigationPolicy
flyff_farming_simulator/models/canonical_beginner_ppo_040k_rehearsed.zip	simulator.split_branch_policy	SplitSteeringNavigationPolicy
flyff_farming_simulator/models/canonical_intermediate_ppo_010k.zip	simulator.split_branch_policy	SplitSteeringNavigationPolicy
flyff_farming_simulator/models/canonical_intermediate_ppo_010k_rehearsed.zip	simulator.split_branch_policy	SplitSteeringNavigationPolicy
flyff_farming_simulator/models/canonical_intermediate_ppo_020k.zip	simulator.split_branch_policy	SplitSteeringNavigationPolicy
flyff_farming_simulator/models/canonical_intermediate_ppo_020k_rehearsed.zip	simulator.split_branch_policy	SplitSteeringNavigationPolicy
flyff_farming_simulator/models/generalized_waypoint_both_seed0_0010240.zip	simulator.split_branch_policy	SplitSteeringNavigationPolicy
flyff_farming_simulator/models/generalized_waypoint_both_seed0_0020480.zip	simulator.split_branch_policy	SplitSteeringNavigationPolicy
flyff_farming_simulator/models/generalized_waypoint_both_seed0_0030720.zip	simulator.split_branch_policy	SplitSteeringNavigationPolicy
flyff_farming_simulator/models/generalized_waypoint_both_seed0_0040960.zip	simulator.split_branch_policy	SplitSteeringNavigationPolicy
flyff_farming_simulator/models/generalized_waypoint_both_seed0_0051200.zip	simulator.split_branch_policy	SplitSteeringNavigationPolicy
flyff_farming_simulator/models/generalized_waypoint_both_seed0_0061440.zip	simulator.split_branch_policy	SplitSteeringNavigationPolicy
flyff_farming_simulator/models/generalized_waypoint_both_seed1_0010240.zip	simulator.split_branch_policy	SplitSteeringNavigationPolicy
flyff_farming_simulator/models/generalized_waypoint_both_seed1_0020480.zip	simulator.split_branch_policy	SplitSteeringNavigationPolicy
flyff_farming_simulator/models/generalized_waypoint_both_seed1_0030720.zip	simulator.split_branch_policy	SplitSteeringNavigationPolicy
flyff_farming_simulator/models/generalized_waypoint_both_seed1_0040960.zip	simulator.split_branch_policy	SplitSteeringNavigationPolicy
flyff_farming_simulator/models/generalized_waypoint_both_seed1_0051200.zip	simulator.split_branch_policy	SplitSteeringNavigationPolicy
flyff_farming_simulator/models/generalized_waypoint_both_seed1_0061440.zip	simulator.split_branch_policy	SplitSteeringNavigationPolicy
flyff_farming_simulator/models/generalized_waypoint_both_seed2_0010240.zip	simulator.split_branch_policy	SplitSteeringNavigationPolicy
flyff_farming_simulator/models/generalized_waypoint_both_seed2_0020480.zip	simulator.split_branch_policy	SplitSteeringNavigationPolicy
flyff_farming_simulator/models/generalized_waypoint_both_seed2_0030720.zip	simulator.split_branch_policy	SplitSteeringNavigationPolicy
flyff_farming_simulator/models/generalized_waypoint_both_seed2_0040960.zip	simulator.split_branch_policy	SplitSteeringNavigationPolicy
flyff_farming_simulator/models/generalized_waypoint_both_seed2_0051200.zip	simulator.split_branch_policy	SplitSteeringNavigationPolicy
flyff_farming_simulator/models/generalized_waypoint_both_seed2_0061440.zip	simulator.split_branch_policy	SplitSteeringNavigationPolicy
flyff_farming_simulator/models/generalized_waypoint_both_seed3_0010240.zip	simulator.split_branch_policy	SplitSteeringNavigationPolicy
flyff_farming_simulator/models/generalized_waypoint_both_seed3_0020480.zip	simulator.split_branch_policy	SplitSteeringNavigationPolicy
flyff_farming_simulator/models/generalized_waypoint_both_seed3_0030720.zip	simulator.split_branch_policy	SplitSteeringNavigationPolicy
flyff_farming_simulator/models/generalized_waypoint_both_seed3_0040960.zip	simulator.split_branch_policy	SplitSteeringNavigationPolicy
flyff_farming_simulator/models/generalized_waypoint_both_seed3_0051200.zip	simulator.split_branch_policy	SplitSteeringNavigationPolicy
flyff_farming_simulator/models/generalized_waypoint_both_seed3_0061440.zip	simulator.split_branch_policy	SplitSteeringNavigationPolicy
flyff_farming_simulator/models/generalized_waypoint_both_seed5_0010240.zip	simulator.split_branch_policy	SplitSteeringNavigationPolicy
flyff_farming_simulator/models/generalized_waypoint_both_seed5_0020480.zip	simulator.split_branch_policy	SplitSteeringNavigationPolicy
flyff_farming_simulator/models/generalized_waypoint_both_seed5_0030720.zip	simulator.split_branch_policy	SplitSteeringNavigationPolicy
flyff_farming_simulator/models/generalized_waypoint_both_seed5_0040960.zip	simulator.split_branch_policy	SplitSteeringNavigationPolicy
flyff_farming_simulator/models/generalized_waypoint_both_seed5_0051200.zip	simulator.split_branch_policy	SplitSteeringNavigationPolicy
flyff_farming_simulator/models/generalized_waypoint_both_seed5_0061440.zip	simulator.split_branch_policy	SplitSteeringNavigationPolicy
flyff_farming_simulator/models/generalized_waypoint_both_seed8_0010240.zip	simulator.split_branch_policy	SplitSteeringNavigationPolicy
flyff_farming_simulator/models/generalized_waypoint_both_seed8_0020480.zip	simulator.split_branch_policy	SplitSteeringNavigationPolicy
flyff_farming_simulator/models/generalized_waypoint_both_seed8_0030720.zip	simulator.split_branch_policy	SplitSteeringNavigationPolicy
flyff_farming_simulator/models/generalized_waypoint_both_seed8_0040960.zip	simulator.split_branch_policy	SplitSteeringNavigationPolicy
flyff_farming_simulator/models/generalized_waypoint_both_seed8_0051200.zip	simulator.split_branch_policy	SplitSteeringNavigationPolicy
flyff_farming_simulator/models/generalized_waypoint_both_seed8_0061440.zip	simulator.split_branch_policy	SplitSteeringNavigationPolicy
flyff_farming_simulator/models/generalized_waypoint_calibrated_arc_seed0_0010240.zip	simulator.split_branch_policy	SplitSteeringNavigationPolicy
flyff_farming_simulator/models/generalized_waypoint_calibrated_arc_seed0_0020480.zip	simulator.split_branch_policy	SplitSteeringNavigationPolicy
flyff_farming_simulator/models/generalized_waypoint_calibrated_arc_seed0_0030720.zip	simulator.split_branch_policy	SplitSteeringNavigationPolicy
flyff_farming_simulator/models/generalized_waypoint_calibrated_arc_seed0_0040960.zip	simulator.split_branch_policy	SplitSteeringNavigationPolicy
flyff_farming_simulator/models/generalized_waypoint_calibrated_arc_seed2_0010240.zip	simulator.split_branch_policy	SplitSteeringNavigationPolicy
flyff_farming_simulator/models/generalized_waypoint_calibrated_arc_seed2_0020480.zip	simulator.split_branch_policy	SplitSteeringNavigationPolicy
flyff_farming_simulator/models/generalized_waypoint_calibrated_arc_seed2_0030720.zip	simulator.split_branch_policy	SplitSteeringNavigationPolicy
flyff_farming_simulator/models/generalized_waypoint_calibrated_arc_seed2_0040960.zip	simulator.split_branch_policy	SplitSteeringNavigationPolicy
flyff_farming_simulator/models/generalized_waypoint_calibrated_arc_seed8_0010240.zip	simulator.split_branch_policy	SplitSteeringNavigationPolicy
flyff_farming_simulator/models/generalized_waypoint_calibrated_arc_seed8_0020480.zip	simulator.split_branch_policy	SplitSteeringNavigationPolicy
flyff_farming_simulator/models/generalized_waypoint_calibrated_arc_seed8_0030720.zip	simulator.split_branch_policy	SplitSteeringNavigationPolicy
flyff_farming_simulator/models/generalized_waypoint_calibrated_arc_seed8_0040960.zip	simulator.split_branch_policy	SplitSteeringNavigationPolicy
flyff_farming_simulator/models/generalized_waypoint_combined_discount_consistent_progress_seed4_0010240.zip	simulator.split_branch_policy	SplitSteeringNavigationPolicy
flyff_farming_simulator/models/generalized_waypoint_combined_discount_consistent_progress_seed4_0020480.zip	simulator.split_branch_policy	SplitSteeringNavigationPolicy
flyff_farming_simulator/models/generalized_waypoint_combined_discount_consistent_progress_seed4_0030720.zip	simulator.split_branch_policy	SplitSteeringNavigationPolicy
flyff_farming_simulator/models/generalized_waypoint_combined_discount_consistent_progress_seed4_0040960.zip	simulator.split_branch_policy	SplitSteeringNavigationPolicy
flyff_farming_simulator/models/generalized_waypoint_combined_discount_consistent_progress_seed4_0051200.zip	simulator.split_branch_policy	SplitSteeringNavigationPolicy
flyff_farming_simulator/models/generalized_waypoint_combined_discount_consistent_progress_seed4_0061440.zip	simulator.split_branch_policy	SplitSteeringNavigationPolicy
flyff_farming_simulator/models/generalized_waypoint_combined_discount_consistent_progress_seed6_0010240.zip	simulator.split_branch_policy	SplitSteeringNavigationPolicy
flyff_farming_simulator/models/generalized_waypoint_combined_discount_consistent_progress_seed6_0020480.zip	simulator.split_branch_policy	SplitSteeringNavigationPolicy
flyff_farming_simulator/models/generalized_waypoint_combined_discount_consistent_progress_seed6_0030720.zip	simulator.split_branch_policy	SplitSteeringNavigationPolicy
flyff_farming_simulator/models/generalized_waypoint_combined_discount_consistent_progress_seed6_0040960.zip	simulator.split_branch_policy	SplitSteeringNavigationPolicy
flyff_farming_simulator/models/generalized_waypoint_combined_discount_consistent_progress_seed6_0051200.zip	simulator.split_branch_policy	SplitSteeringNavigationPolicy
flyff_farming_simulator/models/generalized_waypoint_combined_discount_consistent_progress_seed6_0061440.zip	simulator.split_branch_policy	SplitSteeringNavigationPolicy
flyff_farming_simulator/models/generalized_waypoint_combined_discount_consistent_progress_seed7_0010240.zip	simulator.split_branch_policy	SplitSteeringNavigationPolicy
flyff_farming_simulator/models/generalized_waypoint_combined_discount_consistent_progress_seed7_0020480.zip	simulator.split_branch_policy	SplitSteeringNavigationPolicy
flyff_farming_simulator/models/generalized_waypoint_combined_discount_consistent_progress_seed7_0030720.zip	simulator.split_branch_policy	SplitSteeringNavigationPolicy
flyff_farming_simulator/models/generalized_waypoint_combined_discount_consistent_progress_seed7_0040960.zip	simulator.split_branch_policy	SplitSteeringNavigationPolicy
flyff_farming_simulator/models/generalized_waypoint_combined_discount_consistent_progress_seed7_0051200.zip	simulator.split_branch_policy	SplitSteeringNavigationPolicy
flyff_farming_simulator/models/generalized_waypoint_combined_discount_consistent_progress_seed7_0061440.zip	simulator.split_branch_policy	SplitSteeringNavigationPolicy
flyff_farming_simulator/models/generalized_waypoint_living_cost_only_seed0_0010240.zip	simulator.split_branch_policy	SplitSteeringNavigationPolicy
flyff_farming_simulator/models/generalized_waypoint_living_cost_only_seed0_0020480.zip	simulator.split_branch_policy	SplitSteeringNavigationPolicy
flyff_farming_simulator/models/generalized_waypoint_living_cost_only_seed0_0030720.zip	simulator.split_branch_policy	SplitSteeringNavigationPolicy
flyff_farming_simulator/models/generalized_waypoint_living_cost_only_seed0_0040960.zip	simulator.split_branch_policy	SplitSteeringNavigationPolicy
flyff_farming_simulator/models/generalized_waypoint_living_cost_only_seed2_0010240.zip	simulator.split_branch_policy	SplitSteeringNavigationPolicy
flyff_farming_simulator/models/generalized_waypoint_living_cost_only_seed2_0020480.zip	simulator.split_branch_policy	SplitSteeringNavigationPolicy
flyff_farming_simulator/models/generalized_waypoint_living_cost_only_seed2_0030720.zip	simulator.split_branch_policy	SplitSteeringNavigationPolicy
flyff_farming_simulator/models/generalized_waypoint_living_cost_only_seed2_0040960.zip	simulator.split_branch_policy	SplitSteeringNavigationPolicy
flyff_farming_simulator/models/generalized_waypoint_living_cost_only_seed8_0010240.zip	simulator.split_branch_policy	SplitSteeringNavigationPolicy
flyff_farming_simulator/models/generalized_waypoint_living_cost_only_seed8_0020480.zip	simulator.split_branch_policy	SplitSteeringNavigationPolicy
flyff_farming_simulator/models/generalized_waypoint_living_cost_only_seed8_0030720.zip	simulator.split_branch_policy	SplitSteeringNavigationPolicy
flyff_farming_simulator/models/generalized_waypoint_living_cost_only_seed8_0040960.zip	simulator.split_branch_policy	SplitSteeringNavigationPolicy
flyff_farming_simulator/models/generalized_waypoint_router_mix_seed100_0056320.zip	simulator.split_branch_policy	SplitSteeringNavigationPolicy
flyff_farming_simulator/models/generalized_waypoint_router_mix_seed100_0061440.zip	simulator.split_branch_policy	SplitSteeringNavigationPolicy
flyff_farming_simulator/models/generalized_waypoint_router_mix_seed100_0066560.zip	simulator.split_branch_policy	SplitSteeringNavigationPolicy
flyff_farming_simulator/models/generalized_waypoint_router_mix_seed100_0071680.zip	simulator.split_branch_policy	SplitSteeringNavigationPolicy
flyff_farming_simulator/models/generalized_waypoint_router_mix_seed102_0056320.zip	simulator.split_branch_policy	SplitSteeringNavigationPolicy
flyff_farming_simulator/models/generalized_waypoint_router_mix_seed102_0061440.zip	simulator.split_branch_policy	SplitSteeringNavigationPolicy
flyff_farming_simulator/models/generalized_waypoint_router_mix_seed102_0066560.zip	simulator.split_branch_policy	SplitSteeringNavigationPolicy
flyff_farming_simulator/models/generalized_waypoint_router_mix_seed102_0071680.zip	simulator.split_branch_policy	SplitSteeringNavigationPolicy
flyff_farming_simulator/models/generalized_waypoint_router_mix_seed108_0056320.zip	simulator.split_branch_policy	SplitSteeringNavigationPolicy
flyff_farming_simulator/models/generalized_waypoint_router_mix_seed108_0061440.zip	simulator.split_branch_policy	SplitSteeringNavigationPolicy
flyff_farming_simulator/models/generalized_waypoint_router_mix_seed108_0066560.zip	simulator.split_branch_policy	SplitSteeringNavigationPolicy
flyff_farming_simulator/models/generalized_waypoint_router_mix_seed108_0071680.zip	simulator.split_branch_policy	SplitSteeringNavigationPolicy
flyff_farming_simulator/models/generalized_waypoint_seed0_0002048.zip	simulator.split_branch_policy	SplitSteeringNavigationPolicy
flyff_farming_simulator/models/generalized_waypoint_seed0_0010240.zip	simulator.split_branch_policy	SplitSteeringNavigationPolicy
flyff_farming_simulator/models/generalized_waypoint_seed0_0020480.zip	simulator.split_branch_policy	SplitSteeringNavigationPolicy
flyff_farming_simulator/models/generalized_waypoint_seed0_0030720.zip	simulator.split_branch_policy	SplitSteeringNavigationPolicy
flyff_farming_simulator/models/generalized_waypoint_seed0_0040960.zip	simulator.split_branch_policy	SplitSteeringNavigationPolicy
flyff_farming_simulator/models/generalized_waypoint_seed2_0010240.zip	simulator.split_branch_policy	SplitSteeringNavigationPolicy
flyff_farming_simulator/models/generalized_waypoint_seed2_0020480.zip	simulator.split_branch_policy	SplitSteeringNavigationPolicy
flyff_farming_simulator/models/generalized_waypoint_seed2_0030720.zip	simulator.split_branch_policy	SplitSteeringNavigationPolicy
flyff_farming_simulator/models/generalized_waypoint_seed2_0040960.zip	simulator.split_branch_policy	SplitSteeringNavigationPolicy
flyff_farming_simulator/models/generalized_waypoint_seed8_0010240.zip	simulator.split_branch_policy	SplitSteeringNavigationPolicy
flyff_farming_simulator/models/generalized_waypoint_seed8_0020480.zip	simulator.split_branch_policy	SplitSteeringNavigationPolicy
flyff_farming_simulator/models/generalized_waypoint_seed8_0030720.zip	simulator.split_branch_policy	SplitSteeringNavigationPolicy
flyff_farming_simulator/models/generalized_waypoint_seed8_0040960.zip	simulator.split_branch_policy	SplitSteeringNavigationPolicy
flyff_farming_simulator/models/generalized_waypoint_timeout_failure_only_seed0_0010240.zip	simulator.split_branch_policy	SplitSteeringNavigationPolicy
flyff_farming_simulator/models/generalized_waypoint_timeout_failure_only_seed0_0020480.zip	simulator.split_branch_policy	SplitSteeringNavigationPolicy
flyff_farming_simulator/models/generalized_waypoint_timeout_failure_only_seed0_0030720.zip	simulator.split_branch_policy	SplitSteeringNavigationPolicy
flyff_farming_simulator/models/generalized_waypoint_timeout_failure_only_seed0_0040960.zip	simulator.split_branch_policy	SplitSteeringNavigationPolicy
flyff_farming_simulator/models/generalized_waypoint_timeout_failure_only_seed2_0010240.zip	simulator.split_branch_policy	SplitSteeringNavigationPolicy
flyff_farming_simulator/models/generalized_waypoint_timeout_failure_only_seed2_0020480.zip	simulator.split_branch_policy	SplitSteeringNavigationPolicy
flyff_farming_simulator/models/generalized_waypoint_timeout_failure_only_seed2_0030720.zip	simulator.split_branch_policy	SplitSteeringNavigationPolicy
flyff_farming_simulator/models/generalized_waypoint_timeout_failure_only_seed2_0040960.zip	simulator.split_branch_policy	SplitSteeringNavigationPolicy
flyff_farming_simulator/models/generalized_waypoint_timeout_failure_only_seed8_0010240.zip	simulator.split_branch_policy	SplitSteeringNavigationPolicy
flyff_farming_simulator/models/generalized_waypoint_timeout_failure_only_seed8_0020480.zip	simulator.split_branch_policy	SplitSteeringNavigationPolicy
flyff_farming_simulator/models/generalized_waypoint_timeout_failure_only_seed8_0030720.zip	simulator.split_branch_policy	SplitSteeringNavigationPolicy
flyff_farming_simulator/models/generalized_waypoint_timeout_failure_only_seed8_0040960.zip	simulator.split_branch_policy	SplitSteeringNavigationPolicy
flyff_farming_simulator/models/generic_farming_pilot_teacher.zip	NONE	NONE
flyff_farming_simulator/models/generic_farming_v17_pilot.zip	NONE	NONE
flyff_farming_simulator/models/generic_farming_v17_pilot_checkpoints/generic_farming_v17_pilot_10000_steps.zip	NONE	NONE
flyff_farming_simulator/models/generic_farming_v17_pilot_checkpoints/generic_farming_v17_pilot_15000_steps.zip	NONE	NONE
flyff_farming_simulator/models/generic_farming_v17_pilot_checkpoints/generic_farming_v17_pilot_20000_steps.zip	NONE	NONE
flyff_farming_simulator/models/generic_farming_v17_pilot_checkpoints/generic_farming_v17_pilot_25000_steps.zip	NONE	NONE
flyff_farming_simulator/models/generic_farming_v17_pilot_checkpoints/generic_farming_v17_pilot_5000_steps.zip	NONE	NONE
flyff_farming_simulator/models/generic_farming_v192_pilot_teacher.zip	NONE	NONE
flyff_farming_simulator/models/generic_farming_v193_pilot_teacher.zip	NONE	NONE
flyff_farming_simulator/models/generic_farming_v19_pilot_10000.zip	NONE	NONE
flyff_farming_simulator/models/generic_farming_v19_pilot_5000.zip	NONE	NONE
flyff_farming_simulator/models/generic_farming_v19_pilot_teacher.zip	NONE	NONE
flyff_farming_simulator/models/native_strategy_recorded_baseline_ppo.zip	NONE	NONE
flyff_farming_simulator/models/native_strategy_recorded_baseline_ppo_bc.zip	NONE	NONE
flyff_farming_simulator/models/native_strategy_recorded_baseline_ppo_checkpoints/native_strategy_recorded_baseline_ppo_100000_steps.zip	NONE	NONE
flyff_farming_simulator/models/native_strategy_recorded_baseline_ppo_checkpoints/native_strategy_recorded_baseline_ppo_10000_steps.zip	NONE	NONE
flyff_farming_simulator/models/native_strategy_recorded_baseline_ppo_checkpoints/native_strategy_recorded_baseline_ppo_20000_steps.zip	NONE	NONE
flyff_farming_simulator/models/native_strategy_recorded_baseline_ppo_checkpoints/native_strategy_recorded_baseline_ppo_30000_steps.zip	NONE	NONE
flyff_farming_simulator/models/native_strategy_recorded_baseline_ppo_checkpoints/native_strategy_recorded_baseline_ppo_40000_steps.zip	NONE	NONE
flyff_farming_simulator/models/native_strategy_recorded_baseline_ppo_checkpoints/native_strategy_recorded_baseline_ppo_50000_steps.zip	NONE	NONE
flyff_farming_simulator/models/native_strategy_recorded_baseline_ppo_checkpoints/native_strategy_recorded_baseline_ppo_60000_steps.zip	NONE	NONE
flyff_farming_simulator/models/native_strategy_recorded_baseline_ppo_checkpoints/native_strategy_recorded_baseline_ppo_70000_steps.zip	NONE	NONE
flyff_farming_simulator/models/native_strategy_recorded_baseline_ppo_checkpoints/native_strategy_recorded_baseline_ppo_80000_steps.zip	NONE	NONE
flyff_farming_simulator/models/native_strategy_recorded_baseline_ppo_checkpoints/native_strategy_recorded_baseline_ppo_90000_steps.zip	NONE	NONE
flyff_farming_simulator/models/phase2_ppo_chunk_10k_BROKEN_default_hparams.zip	simulator.split_branch_policy	SplitSteeringNavigationPolicy
flyff_farming_simulator/models/phase2_ppo_chunk_10k_v2.zip	simulator.split_branch_policy	SplitSteeringNavigationPolicy
flyff_farming_simulator/models/phase2_ppo_chunk_30k.zip	simulator.split_branch_policy	SplitSteeringNavigationPolicy
flyff_farming_simulator/models/phase2_steering_navigation_v1.zip	simulator.split_branch_policy	SplitSteeringNavigationPolicy
flyff_farming_simulator/models/phase2_steering_navigation_v2.zip	simulator.split_branch_policy	SplitSteeringNavigationPolicy
flyff_farming_simulator/models/phase2_steering_navigation_v3.zip	simulator.split_branch_policy	SplitSteeringNavigationPolicy
flyff_farming_simulator/models/procedural_waypoint_recorded_seed0_0010240.zip	simulator.split_branch_policy	SplitSteeringNavigationPolicy
flyff_farming_simulator/models/procedural_waypoint_recorded_seed0_0020480.zip	simulator.split_branch_policy	SplitSteeringNavigationPolicy
flyff_farming_simulator/models/procedural_waypoint_recorded_seed0_0030720.zip	simulator.split_branch_policy	SplitSteeringNavigationPolicy
flyff_farming_simulator/models/procedural_waypoint_recorded_seed2_0010240.zip	simulator.split_branch_policy	SplitSteeringNavigationPolicy
flyff_farming_simulator/models/procedural_waypoint_recorded_seed2_0020480.zip	simulator.split_branch_policy	SplitSteeringNavigationPolicy
flyff_farming_simulator/models/procedural_waypoint_recorded_seed2_0030720.zip	simulator.split_branch_policy	SplitSteeringNavigationPolicy
flyff_farming_simulator/models/procedural_waypoint_recorded_seed8_0010240.zip	simulator.split_branch_policy	SplitSteeringNavigationPolicy
flyff_farming_simulator/models/procedural_waypoint_recorded_seed8_0020480.zip	simulator.split_branch_policy	SplitSteeringNavigationPolicy
flyff_farming_simulator/models/procedural_waypoint_recorded_seed8_0030720.zip	simulator.split_branch_policy	SplitSteeringNavigationPolicy
flyff_farming_simulator/models/procedural_waypoint_symmetric_seed0_0002048.zip	simulator.split_branch_policy	SplitSteeringNavigationPolicy
flyff_farming_simulator/models/procedural_waypoint_symmetric_seed0_0010240.zip	simulator.split_branch_policy	SplitSteeringNavigationPolicy
flyff_farming_simulator/models/procedural_waypoint_symmetric_seed0_0020480.zip	simulator.split_branch_policy	SplitSteeringNavigationPolicy
flyff_farming_simulator/models/procedural_waypoint_symmetric_seed0_0030720.zip	simulator.split_branch_policy	SplitSteeringNavigationPolicy
flyff_farming_simulator/models/procedural_waypoint_symmetric_seed2_0010240.zip	simulator.split_branch_policy	SplitSteeringNavigationPolicy
flyff_farming_simulator/models/procedural_waypoint_symmetric_seed2_0020480.zip	simulator.split_branch_policy	SplitSteeringNavigationPolicy
flyff_farming_simulator/models/procedural_waypoint_symmetric_seed2_0030720.zip	simulator.split_branch_policy	SplitSteeringNavigationPolicy
flyff_farming_simulator/models/procedural_waypoint_symmetric_seed8_0010240.zip	simulator.split_branch_policy	SplitSteeringNavigationPolicy
flyff_farming_simulator/models/procedural_waypoint_symmetric_seed8_0020480.zip	simulator.split_branch_policy	SplitSteeringNavigationPolicy
flyff_farming_simulator/models/procedural_waypoint_symmetric_seed8_0030720.zip	simulator.split_branch_policy	SplitSteeringNavigationPolicy
flyff_farming_simulator/models/pure_nav_v2_goal_normal_0025600.zip	simulator.split_branch_policy	SplitSteeringNavigationPolicy
flyff_farming_simulator/models/pure_nav_v2_goal_normal_0051200.zip	simulator.split_branch_policy	SplitSteeringNavigationPolicy
flyff_farming_simulator/models/pure_nav_v2_goal_normal_0076800.zip	simulator.split_branch_policy	SplitSteeringNavigationPolicy
flyff_farming_simulator/models/pure_nav_v2_goal_normal_0102400.zip	simulator.split_branch_policy	SplitSteeringNavigationPolicy
flyff_farming_simulator/models/pure_nav_v2_goal_normal_0128000.zip	simulator.split_branch_policy	SplitSteeringNavigationPolicy
flyff_farming_simulator/models/pure_nav_v2_goal_normal_0153600.zip	simulator.split_branch_policy	SplitSteeringNavigationPolicy
flyff_farming_simulator/models/pure_nav_v2_goal_normal_0179200.zip	simulator.split_branch_policy	SplitSteeringNavigationPolicy
flyff_farming_simulator/models/pure_nav_v2_goal_normal_0200704.zip	simulator.split_branch_policy	SplitSteeringNavigationPolicy
flyff_farming_simulator/models/pure_nav_v2_goal_stable_0025600.zip	simulator.split_branch_policy	SplitSteeringNavigationPolicy
flyff_farming_simulator/models/pure_nav_v2_goal_stable_0051200.zip	simulator.split_branch_policy	SplitSteeringNavigationPolicy
flyff_farming_simulator/models/pure_nav_v2_goal_stable_0076800.zip	simulator.split_branch_policy	SplitSteeringNavigationPolicy
flyff_farming_simulator/models/pure_nav_v2_goal_stable_0102400.zip	simulator.split_branch_policy	SplitSteeringNavigationPolicy
flyff_farming_simulator/models/pure_nav_v2_goal_stable_0128000.zip	simulator.split_branch_policy	SplitSteeringNavigationPolicy
flyff_farming_simulator/models/pure_nav_v2_goal_stable_0153600.zip	simulator.split_branch_policy	SplitSteeringNavigationPolicy
flyff_farming_simulator/models/pure_nav_v2_goal_stable_0179200.zip	simulator.split_branch_policy	SplitSteeringNavigationPolicy
flyff_farming_simulator/models/pure_nav_v2_goal_stable_0200704.zip	simulator.split_branch_policy	SplitSteeringNavigationPolicy
flyff_farming_simulator/models/pure_nav_v2_safety_0025600.zip	simulator.split_branch_policy	SplitSteeringNavigationPolicy
flyff_farming_simulator/models/pure_nav_v2_safety_0051200.zip	simulator.split_branch_policy	SplitSteeringNavigationPolicy
flyff_farming_simulator/models/pure_nav_v2_safety_0076800.zip	simulator.split_branch_policy	SplitSteeringNavigationPolicy
flyff_farming_simulator/models/pure_nav_v2_safety_0102400.zip	simulator.split_branch_policy	SplitSteeringNavigationPolicy
flyff_farming_simulator/models/pure_nav_v2_safety_0128000.zip	simulator.split_branch_policy	SplitSteeringNavigationPolicy
flyff_farming_simulator/models/pure_nav_v2_safety_0153600.zip	simulator.split_branch_policy	SplitSteeringNavigationPolicy
flyff_farming_simulator/models/pure_nav_v2_safety_0179200.zip	simulator.split_branch_policy	SplitSteeringNavigationPolicy
flyff_farming_simulator/models/pure_nav_v2_safety_0200704.zip	simulator.split_branch_policy	SplitSteeringNavigationPolicy
flyff_farming_simulator/models/pure_nav_v2_smoketest2_0002048.zip	simulator.split_branch_policy	SplitSteeringNavigationPolicy
flyff_farming_simulator/models/pure_nav_v2_smoketest_0002048.zip	simulator.split_branch_policy	SplitSteeringNavigationPolicy
flyff_farming_simulator/models/pure_nav_v2_smoketest_0004096.zip	simulator.split_branch_policy	SplitSteeringNavigationPolicy
flyff_farming_simulator/models/pure_nav_v4_greedy_0025600.zip	simulator.split_branch_policy	SplitSteeringNavigationPolicy
flyff_farming_simulator/models/pure_nav_v4_greedy_0050176.zip	simulator.split_branch_policy	SplitSteeringNavigationPolicy
flyff_farming_simulator/models/pure_nav_v4_sticky_0025600.zip	simulator.split_branch_policy	SplitSteeringNavigationPolicy
flyff_farming_simulator/models/pure_nav_v4_sticky_0050176.zip	simulator.split_branch_policy	SplitSteeringNavigationPolicy
flyff_farming_simulator/models/pure_navigation_ppo_normal_target.zip	simulator.split_branch_policy	SplitSteeringNavigationPolicy
flyff_farming_simulator/models/pure_navigation_ppo_stable_waypoint.zip	simulator.split_branch_policy	SplitSteeringNavigationPolicy
flyff_farming_simulator/models/single_obstacle_seed0_0002048.zip	simulator.split_branch_policy	SplitSteeringNavigationPolicy
flyff_farming_simulator/models/single_obstacle_seed0_0015360.zip	simulator.split_branch_policy	SplitSteeringNavigationPolicy
flyff_farming_simulator/models/single_obstacle_seed0_0030720.zip	simulator.split_branch_policy	SplitSteeringNavigationPolicy
flyff_farming_simulator/models/single_obstacle_seed0_0046080.zip	simulator.split_branch_policy	SplitSteeringNavigationPolicy
flyff_farming_simulator/models/single_obstacle_seed0_0060416.zip	simulator.split_branch_policy	SplitSteeringNavigationPolicy
flyff_farming_simulator/models/single_obstacle_seed2_0015360.zip	simulator.split_branch_policy	SplitSteeringNavigationPolicy
flyff_farming_simulator/models/single_obstacle_seed2_0030720.zip	simulator.split_branch_policy	SplitSteeringNavigationPolicy
flyff_farming_simulator/models/single_obstacle_seed2_0046080.zip	simulator.split_branch_policy	SplitSteeringNavigationPolicy
flyff_farming_simulator/models/single_obstacle_seed2_0060416.zip	simulator.split_branch_policy	SplitSteeringNavigationPolicy
flyff_farming_simulator/models/single_obstacle_seed8_0015360.zip	simulator.split_branch_policy	SplitSteeringNavigationPolicy
flyff_farming_simulator/models/single_obstacle_seed8_0030720.zip	simulator.split_branch_policy	SplitSteeringNavigationPolicy
flyff_farming_simulator/models/single_obstacle_seed8_0046080.zip	simulator.split_branch_policy	SplitSteeringNavigationPolicy
flyff_farming_simulator/models/single_obstacle_seed8_0060416.zip	simulator.split_branch_policy	SplitSteeringNavigationPolicy
flyff_farming_simulator/models/single_obstacle_transfer_seed0_0043008.zip	simulator.split_branch_policy	SplitSteeringNavigationPolicy
flyff_farming_simulator/models/single_obstacle_transfer_seed0_0056320.zip	simulator.split_branch_policy	SplitSteeringNavigationPolicy
flyff_farming_simulator/models/single_obstacle_transfer_seed0_0060416.zip	simulator.split_branch_policy	SplitSteeringNavigationPolicy
flyff_farming_simulator/models/single_obstacle_transfer_seed2_0056320.zip	simulator.split_branch_policy	SplitSteeringNavigationPolicy
flyff_farming_simulator/models/single_obstacle_transfer_seed2_0060416.zip	simulator.split_branch_policy	SplitSteeringNavigationPolicy
flyff_farming_simulator/models/single_obstacle_transfer_seed8_0056320.zip	simulator.split_branch_policy	SplitSteeringNavigationPolicy
flyff_farming_simulator/models/single_obstacle_transfer_seed8_0060416.zip	simulator.split_branch_policy	SplitSteeringNavigationPolicy
flyff_farming_simulator/models/split_branch_pilot.zip	simulator.split_branch_policy	SplitSteeringEventPolicy
flyff_farming_simulator/models/split_branch_pilot_10000.zip	simulator.split_branch_policy	SplitSteeringEventPolicy
flyff_farming_simulator/models/split_branch_pilot_15000.zip	simulator.split_branch_policy	SplitSteeringEventPolicy
flyff_farming_simulator/models/split_branch_pilot_5000.zip	simulator.split_branch_policy	SplitSteeringEventPolicy
flyff_farming_simulator/models/split_branch_pilot_teacher.zip	simulator.split_branch_policy	SplitSteeringEventPolicy
flyff_farming_simulator/models/static_waypoint_seed0_0010240.zip	simulator.split_branch_policy	SplitSteeringNavigationPolicy
flyff_farming_simulator/models/static_waypoint_seed0_0020480.zip	simulator.split_branch_policy	SplitSteeringNavigationPolicy
flyff_farming_simulator/models/static_waypoint_seed0_0030720.zip	simulator.split_branch_policy	SplitSteeringNavigationPolicy
flyff_farming_simulator/models/static_waypoint_seed1_0010240.zip	simulator.split_branch_policy	SplitSteeringNavigationPolicy
flyff_farming_simulator/models/static_waypoint_seed1_0020480.zip	simulator.split_branch_policy	SplitSteeringNavigationPolicy
flyff_farming_simulator/models/static_waypoint_seed1_0030720.zip	simulator.split_branch_policy	SplitSteeringNavigationPolicy
flyff_farming_simulator/models/static_waypoint_seed2_0010240.zip	simulator.split_branch_policy	SplitSteeringNavigationPolicy
flyff_farming_simulator/models/static_waypoint_seed2_0020480.zip	simulator.split_branch_policy	SplitSteeringNavigationPolicy
flyff_farming_simulator/models/static_waypoint_seed2_0030720.zip	simulator.split_branch_policy	SplitSteeringNavigationPolicy
