category	path	sha256	observation_shape	action_space	policy_module	policy_qualname	metadata_version	lineage_or_role_evidence	pre_phase2_reference	uniquely_selected_by_existing_evidence
canonical_advanced_ppo	flyff_farming_simulator/models/canonical_advanced_ppo_010k.zip	8b6521cab20b642f8f8ed6e1c4c0aad50cafffec77b9fec6d52177c5a4f0fd3f	[925]	nvec=[3, 3]	simulator.split_branch_policy	SplitSteeringNavigationPolicy	ABSENT	step_or_index=010	yes	no
canonical_advanced_ppo	flyff_farming_simulator/models/canonical_advanced_ppo_010k_rehearsed.zip	0150909c5db6f4d5ec4e44dd607a0de638ce66f30d5c6b48b8d089f5b6b14313	[925]	nvec=[3, 3]	simulator.split_branch_policy	SplitSteeringNavigationPolicy	ABSENT	rehearsed_variant	yes	no
canonical_advanced_ppo	flyff_farming_simulator/models/canonical_advanced_ppo_020k.zip	3b7139d0e36ac59e66c0099c125e133b58aa68c68b1ff34e8180da898317d1e8	[925]	nvec=[3, 3]	simulator.split_branch_policy	SplitSteeringNavigationPolicy	ABSENT	step_or_index=020	yes	no
canonical_advanced_ppo	flyff_farming_simulator/models/canonical_advanced_ppo_020k_rehearsed.zip	ff1bd1449d6cb99fa4f283f20b93321483c9d39b2976a422210b6b2b32433f05	[925]	nvec=[3, 3]	simulator.split_branch_policy	SplitSteeringNavigationPolicy	ABSENT	rehearsed_variant	yes	no
canonical_advanced_ppo	flyff_farming_simulator/models/canonical_advanced_ppo_030k.zip	c2af113c9fdc7ceb07d7ceb3ac0f9b34791abd0fee11ae22767b694932eebc32	[925]	nvec=[3, 3]	simulator.split_branch_policy	SplitSteeringNavigationPolicy	ABSENT	step_or_index=030	yes	no
canonical_advanced_ppo	flyff_farming_simulator/models/canonical_advanced_ppo_030k_rehearsed.zip	c2e7cb7970b6236754e66c2ce6801f8cfb060d30b4665a57f0bd7d032bf672bb	[925]	nvec=[3, 3]	simulator.split_branch_policy	SplitSteeringNavigationPolicy	ABSENT	rehearsed_variant	yes	no
canonical_advanced_ppo	flyff_farming_simulator/models/canonical_advanced_ppo_040k.zip	61b0c200abbacd2d3f8fa2354d2ef61e06e979797927bf2ab0d2754ce691287c	[925]	nvec=[3, 3]	simulator.split_branch_policy	SplitSteeringNavigationPolicy	ABSENT	step_or_index=040	yes	no
canonical_advanced_ppo	flyff_farming_simulator/models/canonical_advanced_ppo_040k_rehearsed.zip	12767eb6248f1d56bbb5811dd979704b2b72aad6304ba136d96d1a5a8799630f	[925]	nvec=[3, 3]	simulator.split_branch_policy	SplitSteeringNavigationPolicy	ABSENT	rehearsed_variant	yes	no
canonical_advanced_ppo	flyff_farming_simulator/models/canonical_advanced_ppo_050k.zip	14665c7117472e9c6ce111c1943261b8f26f6fd1477444a5de9c481c5f788040	[925]	nvec=[3, 3]	simulator.split_branch_policy	SplitSteeringNavigationPolicy	ABSENT	step_or_index=050	yes	no
canonical_advanced_ppo	flyff_farming_simulator/models/canonical_advanced_ppo_050k_rehearsed.zip	85cad4beeaa7f15474ddb5b62d798bf65764f350e69f8dad93c8c6c9a500b216	[925]	nvec=[3, 3]	simulator.split_branch_policy	SplitSteeringNavigationPolicy	ABSENT	rehearsed_variant	yes	no
canonical_advanced_ppo	flyff_farming_simulator/models/canonical_advanced_ppo_060k.zip	07eb2dfd8249da6bf62c5fa07cab9b45de340301eb89f3200d35b7d8f35d7d79	[925]	nvec=[3, 3]	simulator.split_branch_policy	SplitSteeringNavigationPolicy	ABSENT	step_or_index=060	yes	no
canonical_advanced_ppo	flyff_farming_simulator/models/canonical_advanced_ppo_060k_rehearsed.zip	97318e029e48829725f462b2190a68605c44e5fd419f4a8d20e2d1f879bf150c	[925]	nvec=[3, 3]	simulator.split_branch_policy	SplitSteeringNavigationPolicy	ABSENT	rehearsed_variant	yes	no
canonical_advanced_ppo	flyff_farming_simulator/models/canonical_advanced_ppo_070k.zip	70c4852f2690ddfbf740b48ca54643d91a6be8137220525016fb70232f9b3a66	[925]	nvec=[3, 3]	simulator.split_branch_policy	SplitSteeringNavigationPolicy	ABSENT	step_or_index=070	yes	no
canonical_advanced_ppo	flyff_farming_simulator/models/canonical_advanced_ppo_070k_rehearsed.zip	335645801ad55125aec2425ca57d3c6e716440c8e435e272489588f03f749119	[925]	nvec=[3, 3]	simulator.split_branch_policy	SplitSteeringNavigationPolicy	ABSENT	rehearsed_variant	yes	no
canonical_advanced_ppo	flyff_farming_simulator/models/canonical_advanced_ppo_080k.zip	81c81c36f3d07286c9036730cf5de5bf36fbbea293959ddc3b703a883b1f316a	[925]	nvec=[3, 3]	simulator.split_branch_policy	SplitSteeringNavigationPolicy	ABSENT	step_or_index=080	yes	no
canonical_advanced_ppo	flyff_farming_simulator/models/canonical_advanced_ppo_080k_rehearsed.zip	a24b5f1dfaa8fb518a21eb542fe7df9b963db9f0ae62fd6a67f2f57fe6925695	[925]	nvec=[3, 3]	simulator.split_branch_policy	SplitSteeringNavigationPolicy	ABSENT	rehearsed_variant	yes	no
canonical_advanced_ppo	flyff_farming_simulator/models/canonical_advanced_ppo_090k.zip	b99df1bfe966fce50da2938dd700f217dd86cd231bfe4b53fc5943cdce825161	[925]	nvec=[3, 3]	simulator.split_branch_policy	SplitSteeringNavigationPolicy	ABSENT	step_or_index=090	yes	no
canonical_advanced_ppo	flyff_farming_simulator/models/canonical_advanced_ppo_090k_rehearsed.zip	9460ff442da213f4c258c7ed12b8f87956b9bb2bf556ee46fe50ab8674321f75	[925]	nvec=[3, 3]	simulator.split_branch_policy	SplitSteeringNavigationPolicy	ABSENT	rehearsed_variant	yes	no
canonical_advanced_ppo	flyff_farming_simulator/models/canonical_advanced_ppo_100k.zip	214b1982afde221d73db3290e89b1649b900641b820b3606e0b04debca368357	[925]	nvec=[3, 3]	simulator.split_branch_policy	SplitSteeringNavigationPolicy	ABSENT	step_or_index=100	yes	no
canonical_advanced_ppo	flyff_farming_simulator/models/canonical_advanced_ppo_100k_rehearsed.zip	ea0e34d9eb0c38fa98898dde7c41e793876a633b30598d4712431ec8fc2af1e4	[925]	nvec=[3, 3]	simulator.split_branch_policy	SplitSteeringNavigationPolicy	ABSENT	rehearsed_variant	yes	no
canonical_advanced_ppo	flyff_farming_simulator/models/canonical_advanced_ppo_110k.zip	c3cfc140e64a106a6210dd307a24bf1e4de5affe4c25389eb165ba4d648fed51	[925]	nvec=[3, 3]	simulator.split_branch_policy	SplitSteeringNavigationPolicy	ABSENT	step_or_index=110	yes	no
canonical_advanced_ppo	flyff_farming_simulator/models/canonical_advanced_ppo_110k_rehearsed.zip	e77edbf84bbb3ef1cc70b617c74a62711144f7d16b9b6ac9d8e2efafeeda279a	[925]	nvec=[3, 3]	simulator.split_branch_policy	SplitSteeringNavigationPolicy	ABSENT	rehearsed_variant	yes	no
canonical_advanced_ppo	flyff_farming_simulator/models/canonical_advanced_ppo_120k.zip	79bb4c010d988d1117bd52b9c5494bfa8063043f43f17b364f362e0e3fc73278	[925]	nvec=[3, 3]	simulator.split_branch_policy	SplitSteeringNavigationPolicy	ABSENT	step_or_index=120	yes	no
canonical_advanced_ppo	flyff_farming_simulator/models/canonical_advanced_ppo_120k_rehearsed.zip	c1f917f22f95d57f15824a07cf3b13631c43d3117359d4b291e5280663e7f0bc	[925]	nvec=[3, 3]	simulator.split_branch_policy	SplitSteeringNavigationPolicy	ABSENT	rehearsed_variant	yes	no
canonical_advanced_ppo	flyff_farming_simulator/models/canonical_advanced_ppo_130k.zip	6547f849d5af49770b21f934dd9bca9b8a9608ca0245107a2d34085221c71fb0	[925]	nvec=[3, 3]	simulator.split_branch_policy	SplitSteeringNavigationPolicy	ABSENT	step_or_index=130	yes	no
canonical_advanced_ppo	flyff_farming_simulator/models/canonical_advanced_ppo_130k_rehearsed.zip	3d415bffe47a08b275d066d37280b353dbaa3f52e324bde47036b2610274ad62	[925]	nvec=[3, 3]	simulator.split_branch_policy	SplitSteeringNavigationPolicy	ABSENT	rehearsed_variant	yes	no
canonical_advanced_ppo	flyff_farming_simulator/models/canonical_advanced_ppo_140k.zip	4fbcd425b2faf7fb718fa922664f30fa31202cd68b8fed5a726d25e5a0174b28	[925]	nvec=[3, 3]	simulator.split_branch_policy	SplitSteeringNavigationPolicy	ABSENT	step_or_index=140	yes	no
canonical_advanced_ppo	flyff_farming_simulator/models/canonical_advanced_ppo_140k_rehearsed.zip	d17d3898048e2d2e081f3b6fd4f9f53f836321eff5d7ae3d647562acc757281b	[925]	nvec=[3, 3]	simulator.split_branch_policy	SplitSteeringNavigationPolicy	ABSENT	rehearsed_variant	yes	no
canonical_advanced_ppo	flyff_farming_simulator/models/canonical_advanced_ppo_150k.zip	c59e292a77156369a7bb51dc618382112be43a3b0075ed457f11705d6284fffc	[925]	nvec=[3, 3]	simulator.split_branch_policy	SplitSteeringNavigationPolicy	ABSENT	step_or_index=150	yes	no
canonical_advanced_ppo	flyff_farming_simulator/models/canonical_advanced_ppo_150k_rehearsed.zip	6611b10df332fdbc3f9412699dd941a313d57c02766a138225e090e9a32c2563	[925]	nvec=[3, 3]	simulator.split_branch_policy	SplitSteeringNavigationPolicy	ABSENT	rehearsed_variant	yes	no
canonical_advanced_ppo	flyff_farming_simulator/models/canonical_advanced_ppo_160k.zip	08653e96a7e61170f91848109eef3f7ef6abcd1e521c895fc1593b5245668fcf	[925]	nvec=[3, 3]	simulator.split_branch_policy	SplitSteeringNavigationPolicy	ABSENT	step_or_index=160	yes	no
canonical_advanced_ppo	flyff_farming_simulator/models/canonical_advanced_ppo_160k_rehearsed.zip	10898d1a7b010d3975893bc06439e334c4a52ff47336d11e839ca70d05a1afbf	[925]	nvec=[3, 3]	simulator.split_branch_policy	SplitSteeringNavigationPolicy	ABSENT	rehearsed_variant	yes	no
canonical_advanced_ppo	flyff_farming_simulator/models/canonical_advanced_ppo_170k.zip	87753b76a94fa8790fe3d9f2d1510ca9cd8167954d78fb3833eed7bf86170b18	[925]	nvec=[3, 3]	simulator.split_branch_policy	SplitSteeringNavigationPolicy	ABSENT	step_or_index=170	yes	no
canonical_advanced_ppo	flyff_farming_simulator/models/canonical_advanced_ppo_170k_rehearsed.zip	31f75b37df0ce6bf68f599ad1f36eea10da63897503a563b914337f7453d0643	[925]	nvec=[3, 3]	simulator.split_branch_policy	SplitSteeringNavigationPolicy	ABSENT	rehearsed_variant	yes	no
canonical_advanced_ppo	flyff_farming_simulator/models/canonical_advanced_ppo_180k.zip	09233038ee9a2b744ad4d3958b0380e0151f38d46ee8e954aa354ff7dd3cd372	[925]	nvec=[3, 3]	simulator.split_branch_policy	SplitSteeringNavigationPolicy	ABSENT	step_or_index=180	yes	no
canonical_advanced_ppo	flyff_farming_simulator/models/canonical_advanced_ppo_180k_rehearsed.zip	ca99cdf54bb153f6cc61544424966de2ae1a2691fdd4f6decbd64c71aff55415	[925]	nvec=[3, 3]	simulator.split_branch_policy	SplitSteeringNavigationPolicy	ABSENT	rehearsed_variant	yes	no
canonical_advanced_ppo	flyff_farming_simulator/models/canonical_advanced_ppo_190k.zip	3cb16f2210122fc9dd348c46adb82260684caacc507c5bc62db7930c7c00c01e	[925]	nvec=[3, 3]	simulator.split_branch_policy	SplitSteeringNavigationPolicy	ABSENT	step_or_index=190	yes	no
canonical_advanced_ppo	flyff_farming_simulator/models/canonical_advanced_ppo_190k_rehearsed.zip	06294cb26fcbf26ebf93a46126abb463c689447b21650b7297384bff68f2fa2c	[925]	nvec=[3, 3]	simulator.split_branch_policy	SplitSteeringNavigationPolicy	ABSENT	rehearsed_variant	yes	no
canonical_advanced_ppo	flyff_farming_simulator/models/canonical_advanced_ppo_200k.zip	30866b8c20979f15964e4a79f90411122788a47d7b6d636add2d46c13668673b	[925]	nvec=[3, 3]	simulator.split_branch_policy	SplitSteeringNavigationPolicy	ABSENT	step_or_index=200	yes	no
canonical_advanced_ppo	flyff_farming_simulator/models/canonical_advanced_ppo_200k_rehearsed.zip	a548f9f67bee8f99fa3d82fdbec2707621f45a830ed37ae0580adc9762385167	[925]	nvec=[3, 3]	simulator.split_branch_policy	SplitSteeringNavigationPolicy	ABSENT	rehearsed_variant	yes	no
canonical_advanced_ppo	flyff_farming_simulator/models/canonical_advanced_ppo_210k.zip	dbbe5adfd1d155f7b19c6fcd0dec0d0386d9c0dbbd04af428c549c38f4b7b6f0	[925]	nvec=[3, 3]	simulator.split_branch_policy	SplitSteeringNavigationPolicy	ABSENT	step_or_index=210	yes	no
canonical_advanced_ppo	flyff_farming_simulator/models/canonical_advanced_ppo_210k_rehearsed.zip	0d788335f89caffd682580e7097823fdd7430ccd7932735e71653b3ae75f420e	[925]	nvec=[3, 3]	simulator.split_branch_policy	SplitSteeringNavigationPolicy	ABSENT	rehearsed_variant	yes	no
canonical_advanced_ppo	flyff_farming_simulator/models/canonical_advanced_ppo_220k.zip	f0aa1ee6da5e55965caf06ec0f9ffbdee253b77cd5b3098b27a64da5340717ab	[925]	nvec=[3, 3]	simulator.split_branch_policy	SplitSteeringNavigationPolicy	ABSENT	step_or_index=220	yes	no
canonical_advanced_ppo	flyff_farming_simulator/models/canonical_advanced_ppo_220k_rehearsed.zip	8c904b26308c8cf230ee03223ef8269a75a4950298135eb88a7186388c5b98aa	[925]	nvec=[3, 3]	simulator.split_branch_policy	SplitSteeringNavigationPolicy	ABSENT	rehearsed_variant	yes	no
canonical_advanced_ppo	flyff_farming_simulator/models/canonical_advanced_ppo_230k.zip	66a496a7698b5c278cf26a775291097808dbfa6a2a153332f25131731bdbd45c	[925]	nvec=[3, 3]	simulator.split_branch_policy	SplitSteeringNavigationPolicy	ABSENT	step_or_index=230	yes	no
era_925	flyff_farming_simulator/models/_quarantine/canonical_basic_bootstrap_BROKEN_event_head_never_learned_eva_20260808.zip	d090da4f506655d86483c8bad1f062647a63dfe7c681ab3021fb0a0f03e6bb80	[925]	nvec=[3, 3]	simulator.split_branch_policy	SplitSteeringNavigationPolicy	ABSENT	quarantined_BROKEN	yes	no
era_925	flyff_farming_simulator/models/_quarantine/canonical_basic_bootstrap_BROKEN_steering_and_event_collapse_20260807.zip	a584ff711283d3ecd8313b0aba30b55a676926beffe5245a9613640210b89ffb	[925]	nvec=[3, 3]	simulator.split_branch_policy	SplitSteeringNavigationPolicy	ABSENT	quarantined_BROKEN	yes	no
era_925	flyff_farming_simulator/models/_quarantine/canonical_basic_milestone_001_BROKEN_event_head_never_learned_eva_20260808.zip	2f79371a21771e9beaa8d2901e82f18d4d7f624e1e729b58f48f0a9672728796	[925]	nvec=[3, 3]	simulator.split_branch_policy	SplitSteeringNavigationPolicy	ABSENT	quarantined_BROKEN	yes	no
era_925	flyff_farming_simulator/models/_quarantine/canonical_basic_milestone_002_BROKEN_event_head_never_learned_eva_20260808.zip	e5647f903430af9396f7abc7aa5212e4cc86f9f840697ff4d666474ddd8f842c	[925]	nvec=[3, 3]	simulator.split_branch_policy	SplitSteeringNavigationPolicy	ABSENT	quarantined_BROKEN	yes	no
era_925	flyff_farming_simulator/models/_quarantine/canonical_basic_milestone_003_BROKEN_event_head_never_learned_eva_20260808.zip	a92ff0b7d6c6be95d9d3d5e38f55d3aa4d97517843b5a6aaad47294e25e3aa9c	[925]	nvec=[3, 3]	simulator.split_branch_policy	SplitSteeringNavigationPolicy	ABSENT	quarantined_BROKEN	yes	no
era_925	flyff_farming_simulator/models/_quarantine/canonical_basic_milestone_004_BROKEN_event_head_never_learned_eva_20260808.zip	2dfc43affc7fb25df63a7981ded64a6e398931ee18e3e634b659b6be1425bfb1	[925]	nvec=[3, 3]	simulator.split_branch_policy	SplitSteeringNavigationPolicy	ABSENT	quarantined_BROKEN	yes	no
era_925	flyff_farming_simulator/models/_quarantine/canonical_beginner_graduated_PROVISIONAL_OLD_COLLISION_BAR_20260808.zip	1b930ebf0540ee028736732588ebc14c3a710b742e3c843efdbc21f3b1544b89	[925]	nvec=[3, 3]	simulator.split_branch_policy	SplitSteeringNavigationPolicy	ABSENT	quarantined_PROVISIONAL	yes	no
era_925	flyff_farming_simulator/models/_quarantine/canonical_intermediate_graduated_PROVISIONAL_OLD_COLLISION_BAR_20260808.zip	4261f62b38fa72eaa28eb7e501dc9ef883358a870545e4831844db7bc3b14daa	[925]	nvec=[3, 3]	simulator.split_branch_policy	SplitSteeringNavigationPolicy	ABSENT	quarantined_PROVISIONAL	yes	no
era_925	flyff_farming_simulator/models/canonical_advanced_ppo_010k.zip	8b6521cab20b642f8f8ed6e1c4c0aad50cafffec77b9fec6d52177c5a4f0fd3f	[925]	nvec=[3, 3]	simulator.split_branch_policy	SplitSteeringNavigationPolicy	ABSENT	step_or_index=010	yes	no
era_925	flyff_farming_simulator/models/canonical_advanced_ppo_010k_rehearsed.zip	0150909c5db6f4d5ec4e44dd607a0de638ce66f30d5c6b48b8d089f5b6b14313	[925]	nvec=[3, 3]	simulator.split_branch_policy	SplitSteeringNavigationPolicy	ABSENT	rehearsed_variant	yes	no
era_925	flyff_farming_simulator/models/canonical_advanced_ppo_020k.zip	3b7139d0e36ac59e66c0099c125e133b58aa68c68b1ff34e8180da898317d1e8	[925]	nvec=[3, 3]	simulator.split_branch_policy	SplitSteeringNavigationPolicy	ABSENT	step_or_index=020	yes	no
era_925	flyff_farming_simulator/models/canonical_advanced_ppo_020k_rehearsed.zip	ff1bd1449d6cb99fa4f283f20b93321483c9d39b2976a422210b6b2b32433f05	[925]	nvec=[3, 3]	simulator.split_branch_policy	SplitSteeringNavigationPolicy	ABSENT	rehearsed_variant	yes	no
era_925	flyff_farming_simulator/models/canonical_advanced_ppo_030k.zip	c2af113c9fdc7ceb07d7ceb3ac0f9b34791abd0fee11ae22767b694932eebc32	[925]	nvec=[3, 3]	simulator.split_branch_policy	SplitSteeringNavigationPolicy	ABSENT	step_or_index=030	yes	no
era_925	flyff_farming_simulator/models/canonical_advanced_ppo_030k_rehearsed.zip	c2e7cb7970b6236754e66c2ce6801f8cfb060d30b4665a57f0bd7d032bf672bb	[925]	nvec=[3, 3]	simulator.split_branch_policy	SplitSteeringNavigationPolicy	ABSENT	rehearsed_variant	yes	no
era_925	flyff_farming_simulator/models/canonical_advanced_ppo_040k.zip	61b0c200abbacd2d3f8fa2354d2ef61e06e979797927bf2ab0d2754ce691287c	[925]	nvec=[3, 3]	simulator.split_branch_policy	SplitSteeringNavigationPolicy	ABSENT	step_or_index=040	yes	no
era_925	flyff_farming_simulator/models/canonical_advanced_ppo_040k_rehearsed.zip	12767eb6248f1d56bbb5811dd979704b2b72aad6304ba136d96d1a5a8799630f	[925]	nvec=[3, 3]	simulator.split_branch_policy	SplitSteeringNavigationPolicy	ABSENT	rehearsed_variant	yes	no
era_925	flyff_farming_simulator/models/canonical_advanced_ppo_050k.zip	14665c7117472e9c6ce111c1943261b8f26f6fd1477444a5de9c481c5f788040	[925]	nvec=[3, 3]	simulator.split_branch_policy	SplitSteeringNavigationPolicy	ABSENT	step_or_index=050	yes	no
era_925	flyff_farming_simulator/models/canonical_advanced_ppo_050k_rehearsed.zip	85cad4beeaa7f15474ddb5b62d798bf65764f350e69f8dad93c8c6c9a500b216	[925]	nvec=[3, 3]	simulator.split_branch_policy	SplitSteeringNavigationPolicy	ABSENT	rehearsed_variant	yes	no
era_925	flyff_farming_simulator/models/canonical_advanced_ppo_060k.zip	07eb2dfd8249da6bf62c5fa07cab9b45de340301eb89f3200d35b7d8f35d7d79	[925]	nvec=[3, 3]	simulator.split_branch_policy	SplitSteeringNavigationPolicy	ABSENT	step_or_index=060	yes	no
era_925	flyff_farming_simulator/models/canonical_advanced_ppo_060k_rehearsed.zip	97318e029e48829725f462b2190a68605c44e5fd419f4a8d20e2d1f879bf150c	[925]	nvec=[3, 3]	simulator.split_branch_policy	SplitSteeringNavigationPolicy	ABSENT	rehearsed_variant	yes	no
era_925	flyff_farming_simulator/models/canonical_advanced_ppo_070k.zip	70c4852f2690ddfbf740b48ca54643d91a6be8137220525016fb70232f9b3a66	[925]	nvec=[3, 3]	simulator.split_branch_policy	SplitSteeringNavigationPolicy	ABSENT	step_or_index=070	yes	no
era_925	flyff_farming_simulator/models/canonical_advanced_ppo_070k_rehearsed.zip	335645801ad55125aec2425ca57d3c6e716440c8e435e272489588f03f749119	[925]	nvec=[3, 3]	simulator.split_branch_policy	SplitSteeringNavigationPolicy	ABSENT	rehearsed_variant	yes	no
era_925	flyff_farming_simulator/models/canonical_advanced_ppo_080k.zip	81c81c36f3d07286c9036730cf5de5bf36fbbea293959ddc3b703a883b1f316a	[925]	nvec=[3, 3]	simulator.split_branch_policy	SplitSteeringNavigationPolicy	ABSENT	step_or_index=080	yes	no
era_925	flyff_farming_simulator/models/canonical_advanced_ppo_080k_rehearsed.zip	a24b5f1dfaa8fb518a21eb542fe7df9b963db9f0ae62fd6a67f2f57fe6925695	[925]	nvec=[3, 3]	simulator.split_branch_policy	SplitSteeringNavigationPolicy	ABSENT	rehearsed_variant	yes	no
era_925	flyff_farming_simulator/models/canonical_advanced_ppo_090k.zip	b99df1bfe966fce50da2938dd700f217dd86cd231bfe4b53fc5943cdce825161	[925]	nvec=[3, 3]	simulator.split_branch_policy	SplitSteeringNavigationPolicy	ABSENT	step_or_index=090	yes	no
era_925	flyff_farming_simulator/models/canonical_advanced_ppo_090k_rehearsed.zip	9460ff442da213f4c258c7ed12b8f87956b9bb2bf556ee46fe50ab8674321f75	[925]	nvec=[3, 3]	simulator.split_branch_policy	SplitSteeringNavigationPolicy	ABSENT	rehearsed_variant	yes	no
era_925	flyff_farming_simulator/models/canonical_advanced_ppo_100k.zip	214b1982afde221d73db3290e89b1649b900641b820b3606e0b04debca368357	[925]	nvec=[3, 3]	simulator.split_branch_policy	SplitSteeringNavigationPolicy	ABSENT	step_or_index=100	yes	no
era_925	flyff_farming_simulator/models/canonical_advanced_ppo_100k_rehearsed.zip	ea0e34d9eb0c38fa98898dde7c41e793876a633b30598d4712431ec8fc2af1e4	[925]	nvec=[3, 3]	simulator.split_branch_policy	SplitSteeringNavigationPolicy	ABSENT	rehearsed_variant	yes	no
era_925	flyff_farming_simulator/models/canonical_advanced_ppo_110k.zip	c3cfc140e64a106a6210dd307a24bf1e4de5affe4c25389eb165ba4d648fed51	[925]	nvec=[3, 3]	simulator.split_branch_policy	SplitSteeringNavigationPolicy	ABSENT	step_or_index=110	yes	no
era_925	flyff_farming_simulator/models/canonical_advanced_ppo_110k_rehearsed.zip	e77edbf84bbb3ef1cc70b617c74a62711144f7d16b9b6ac9d8e2efafeeda279a	[925]	nvec=[3, 3]	simulator.split_branch_policy	SplitSteeringNavigationPolicy	ABSENT	rehearsed_variant	yes	no
era_925	flyff_farming_simulator/models/canonical_advanced_ppo_120k.zip	79bb4c010d988d1117bd52b9c5494bfa8063043f43f17b364f362e0e3fc73278	[925]	nvec=[3, 3]	simulator.split_branch_policy	SplitSteeringNavigationPolicy	ABSENT	step_or_index=120	yes	no
era_925	flyff_farming_simulator/models/canonical_advanced_ppo_120k_rehearsed.zip	c1f917f22f95d57f15824a07cf3b13631c43d3117359d4b291e5280663e7f0bc	[925]	nvec=[3, 3]	simulator.split_branch_policy	SplitSteeringNavigationPolicy	ABSENT	rehearsed_variant	yes	no
era_925	flyff_farming_simulator/models/canonical_advanced_ppo_130k.zip	6547f849d5af49770b21f934dd9bca9b8a9608ca0245107a2d34085221c71fb0	[925]	nvec=[3, 3]	simulator.split_branch_policy	SplitSteeringNavigationPolicy	ABSENT	step_or_index=130	yes	no
era_925	flyff_farming_simulator/models/canonical_advanced_ppo_130k_rehearsed.zip	3d415bffe47a08b275d066d37280b353dbaa3f52e324bde47036b2610274ad62	[925]	nvec=[3, 3]	simulator.split_branch_policy	SplitSteeringNavigationPolicy	ABSENT	rehearsed_variant	yes	no
era_925	flyff_farming_simulator/models/canonical_advanced_ppo_140k.zip	4fbcd425b2faf7fb718fa922664f30fa31202cd68b8fed5a726d25e5a0174b28	[925]	nvec=[3, 3]	simulator.split_branch_policy	SplitSteeringNavigationPolicy	ABSENT	step_or_index=140	yes	no
era_925	flyff_farming_simulator/models/canonical_advanced_ppo_140k_rehearsed.zip	d17d3898048e2d2e081f3b6fd4f9f53f836321eff5d7ae3d647562acc757281b	[925]	nvec=[3, 3]	simulator.split_branch_policy	SplitSteeringNavigationPolicy	ABSENT	rehearsed_variant	yes	no
era_925	flyff_farming_simulator/models/canonical_advanced_ppo_150k.zip	c59e292a77156369a7bb51dc618382112be43a3b0075ed457f11705d6284fffc	[925]	nvec=[3, 3]	simulator.split_branch_policy	SplitSteeringNavigationPolicy	ABSENT	step_or_index=150	yes	no
era_925	flyff_farming_simulator/models/canonical_advanced_ppo_150k_rehearsed.zip	6611b10df332fdbc3f9412699dd941a313d57c02766a138225e090e9a32c2563	[925]	nvec=[3, 3]	simulator.split_branch_policy	SplitSteeringNavigationPolicy	ABSENT	rehearsed_variant	yes	no
era_925	flyff_farming_simulator/models/canonical_advanced_ppo_160k.zip	08653e96a7e61170f91848109eef3f7ef6abcd1e521c895fc1593b5245668fcf	[925]	nvec=[3, 3]	simulator.split_branch_policy	SplitSteeringNavigationPolicy	ABSENT	step_or_index=160	yes	no
era_925	flyff_farming_simulator/models/canonical_advanced_ppo_160k_rehearsed.zip	10898d1a7b010d3975893bc06439e334c4a52ff47336d11e839ca70d05a1afbf	[925]	nvec=[3, 3]	simulator.split_branch_policy	SplitSteeringNavigationPolicy	ABSENT	rehearsed_variant	yes	no
era_925	flyff_farming_simulator/models/canonical_advanced_ppo_170k.zip	87753b76a94fa8790fe3d9f2d1510ca9cd8167954d78fb3833eed7bf86170b18	[925]	nvec=[3, 3]	simulator.split_branch_policy	SplitSteeringNavigationPolicy	ABSENT	step_or_index=170	yes	no
era_925	flyff_farming_simulator/models/canonical_advanced_ppo_170k_rehearsed.zip	31f75b37df0ce6bf68f599ad1f36eea10da63897503a563b914337f7453d0643	[925]	nvec=[3, 3]	simulator.split_branch_policy	SplitSteeringNavigationPolicy	ABSENT	rehearsed_variant	yes	no
era_925	flyff_farming_simulator/models/canonical_advanced_ppo_180k.zip	09233038ee9a2b744ad4d3958b0380e0151f38d46ee8e954aa354ff7dd3cd372	[925]	nvec=[3, 3]	simulator.split_branch_policy	SplitSteeringNavigationPolicy	ABSENT	step_or_index=180	yes	no
era_925	flyff_farming_simulator/models/canonical_advanced_ppo_180k_rehearsed.zip	ca99cdf54bb153f6cc61544424966de2ae1a2691fdd4f6decbd64c71aff55415	[925]	nvec=[3, 3]	simulator.split_branch_policy	SplitSteeringNavigationPolicy	ABSENT	rehearsed_variant	yes	no
era_925	flyff_farming_simulator/models/canonical_advanced_ppo_190k.zip	3cb16f2210122fc9dd348c46adb82260684caacc507c5bc62db7930c7c00c01e	[925]	nvec=[3, 3]	simulator.split_branch_policy	SplitSteeringNavigationPolicy	ABSENT	step_or_index=190	yes	no
era_925	flyff_farming_simulator/models/canonical_advanced_ppo_190k_rehearsed.zip	06294cb26fcbf26ebf93a46126abb463c689447b21650b7297384bff68f2fa2c	[925]	nvec=[3, 3]	simulator.split_branch_policy	SplitSteeringNavigationPolicy	ABSENT	rehearsed_variant	yes	no
era_925	flyff_farming_simulator/models/canonical_advanced_ppo_200k.zip	30866b8c20979f15964e4a79f90411122788a47d7b6d636add2d46c13668673b	[925]	nvec=[3, 3]	simulator.split_branch_policy	SplitSteeringNavigationPolicy	ABSENT	step_or_index=200	yes	no
era_925	flyff_farming_simulator/models/canonical_advanced_ppo_200k_rehearsed.zip	a548f9f67bee8f99fa3d82fdbec2707621f45a830ed37ae0580adc9762385167	[925]	nvec=[3, 3]	simulator.split_branch_policy	SplitSteeringNavigationPolicy	ABSENT	rehearsed_variant	yes	no
era_925	flyff_farming_simulator/models/canonical_advanced_ppo_210k.zip	dbbe5adfd1d155f7b19c6fcd0dec0d0386d9c0dbbd04af428c549c38f4b7b6f0	[925]	nvec=[3, 3]	simulator.split_branch_policy	SplitSteeringNavigationPolicy	ABSENT	step_or_index=210	yes	no
era_925	flyff_farming_simulator/models/canonical_advanced_ppo_210k_rehearsed.zip	0d788335f89caffd682580e7097823fdd7430ccd7932735e71653b3ae75f420e	[925]	nvec=[3, 3]	simulator.split_branch_policy	SplitSteeringNavigationPolicy	ABSENT	rehearsed_variant	yes	no
era_925	flyff_farming_simulator/models/canonical_advanced_ppo_220k.zip	f0aa1ee6da5e55965caf06ec0f9ffbdee253b77cd5b3098b27a64da5340717ab	[925]	nvec=[3, 3]	simulator.split_branch_policy	SplitSteeringNavigationPolicy	ABSENT	step_or_index=220	yes	no
era_925	flyff_farming_simulator/models/canonical_advanced_ppo_220k_rehearsed.zip	8c904b26308c8cf230ee03223ef8269a75a4950298135eb88a7186388c5b98aa	[925]	nvec=[3, 3]	simulator.split_branch_policy	SplitSteeringNavigationPolicy	ABSENT	rehearsed_variant	yes	no
era_925	flyff_farming_simulator/models/canonical_advanced_ppo_230k.zip	66a496a7698b5c278cf26a775291097808dbfa6a2a153332f25131731bdbd45c	[925]	nvec=[3, 3]	simulator.split_branch_policy	SplitSteeringNavigationPolicy	ABSENT	step_or_index=230	yes	no
era_925	flyff_farming_simulator/models/canonical_basic_bootstrap.zip	1b98877d00a08edfeb4159837e6afda204899546612c6b62a43519afb74131bb	[925]	nvec=[3, 3]	simulator.split_branch_policy	SplitSteeringNavigationPolicy	ABSENT	none_recorded	yes	no
era_925	flyff_farming_simulator/models/canonical_basic_graduated.zip	bb7ede1d085f0b671f9921bcd24a82587a90e1c73468183de2db92431c86797b	[925]	nvec=[3, 3]	simulator.split_branch_policy	SplitSteeringNavigationPolicy	ABSENT	none_recorded	yes	no
era_925	flyff_farming_simulator/models/canonical_basic_milestone_001.zip	5aac403dd2fd1faa4f17b10b555efb2bfb3392b66b0351c4c86e2f341505413d	[925]	nvec=[3, 3]	simulator.split_branch_policy	SplitSteeringNavigationPolicy	ABSENT	step_or_index=001	yes	no
era_925	flyff_farming_simulator/models/canonical_basic_milestone_002.zip	a4c28edca196b42e2fd32f18f10e946e9f49a8f733894176d7342000ac6f44ab	[925]	nvec=[3, 3]	simulator.split_branch_policy	SplitSteeringNavigationPolicy	ABSENT	step_or_index=002	yes	no
era_925	flyff_farming_simulator/models/canonical_basic_milestone_003.zip	8deb9800609425c1613f3bdbbe237d647cda2f92f42be7b1f7324ce61dd969cb	[925]	nvec=[3, 3]	simulator.split_branch_policy	SplitSteeringNavigationPolicy	ABSENT	step_or_index=003	yes	no
era_925	flyff_farming_simulator/models/canonical_basic_milestone_004.zip	cafc4db73858e1de288ca37b56018428c1d2c50f7ef66e9c96ec74e01a8e8ce1	[925]	nvec=[3, 3]	simulator.split_branch_policy	SplitSteeringNavigationPolicy	ABSENT	step_or_index=004	yes	no
era_925	flyff_farming_simulator/models/canonical_basic_milestone_005.zip	eadb5a9faa57e4c493016d048168b7f6b38a8ed424dabf4d820ccbb7d2d1ef8a	[925]	nvec=[3, 3]	simulator.split_branch_policy	SplitSteeringNavigationPolicy	ABSENT	step_or_index=005	yes	no
era_925	flyff_farming_simulator/models/canonical_basic_milestone_006.zip	bb7ede1d085f0b671f9921bcd24a82587a90e1c73468183de2db92431c86797b	[925]	nvec=[3, 3]	simulator.split_branch_policy	SplitSteeringNavigationPolicy	ABSENT	step_or_index=006	yes	no
era_925	flyff_farming_simulator/models/canonical_beginner_ppo_010k.zip	6b9fc09c4a7c25ba056bfac4b68182e37dc172ae4c2787f7fb5db123a3363eff	[925]	nvec=[3, 3]	simulator.split_branch_policy	SplitSteeringNavigationPolicy	ABSENT	step_or_index=010	yes	no
era_925	flyff_farming_simulator/models/canonical_beginner_ppo_010k_rehearsed.zip	5e36939fc6dfe64b8bf4d0fecbabf97d626773f5bbd15684fdb922c3bfc3a948	[925]	nvec=[3, 3]	simulator.split_branch_policy	SplitSteeringNavigationPolicy	ABSENT	rehearsed_variant	yes	no
era_925	flyff_farming_simulator/models/canonical_beginner_ppo_020k.zip	54696b71966a30289bd3c129c9b06d446f8c4cf76d0c8ec7e13bac9f411649f8	[925]	nvec=[3, 3]	simulator.split_branch_policy	SplitSteeringNavigationPolicy	ABSENT	step_or_index=020	yes	no
era_925	flyff_farming_simulator/models/canonical_beginner_ppo_020k_rehearsed.zip	a7ab28c097855ca797e5f38a9fb4f74dd9cc0ae7034a70f4ec48a24af1337f0a	[925]	nvec=[3, 3]	simulator.split_branch_policy	SplitSteeringNavigationPolicy	ABSENT	rehearsed_variant	yes	no
era_925	flyff_farming_simulator/models/canonical_beginner_ppo_030k.zip	543c481fbe5193d1afd0129c35a0e4059c8408fd97137ef8571892cd9ab90e65	[925]	nvec=[3, 3]	simulator.split_branch_policy	SplitSteeringNavigationPolicy	ABSENT	step_or_index=030	yes	no
era_925	flyff_farming_simulator/models/canonical_beginner_ppo_030k_rehearsed.zip	4bbf577290382b1941aa4b144db8bfc31498bee18bbbfb803af1774362d7cf9e	[925]	nvec=[3, 3]	simulator.split_branch_policy	SplitSteeringNavigationPolicy	ABSENT	rehearsed_variant	yes	no
era_925	flyff_farming_simulator/models/canonical_beginner_ppo_040k.zip	2ebdc685d063d3c92bcbb38096b1f3a5a6dd11ea12e13682e51d9df00c9843c7	[925]	nvec=[3, 3]	simulator.split_branch_policy	SplitSteeringNavigationPolicy	ABSENT	step_or_index=040	yes	no
era_925	flyff_farming_simulator/models/canonical_beginner_ppo_040k_rehearsed.zip	1b930ebf0540ee028736732588ebc14c3a710b742e3c843efdbc21f3b1544b89	[925]	nvec=[3, 3]	simulator.split_branch_policy	SplitSteeringNavigationPolicy	ABSENT	rehearsed_variant	yes	no
era_925	flyff_farming_simulator/models/canonical_intermediate_ppo_010k.zip	0d0d2ab404606f35179847ee4ef0159ffa616cc44bfc29ab2bc1e676e032a6e7	[925]	nvec=[3, 3]	simulator.split_branch_policy	SplitSteeringNavigationPolicy	ABSENT	step_or_index=010	yes	no
era_925	flyff_farming_simulator/models/canonical_intermediate_ppo_010k_rehearsed.zip	f7395f42cd0b9d22aa92845eda953108e7ad8e2a1098ce8a28586b0bc51586fe	[925]	nvec=[3, 3]	simulator.split_branch_policy	SplitSteeringNavigationPolicy	ABSENT	rehearsed_variant	yes	no
era_925	flyff_farming_simulator/models/canonical_intermediate_ppo_020k.zip	5171c4b9db0cc913e9d35b89ad2a35f644f1de812d42c4e49d09ef2a406f20aa	[925]	nvec=[3, 3]	simulator.split_branch_policy	SplitSteeringNavigationPolicy	ABSENT	step_or_index=020	yes	no
era_925	flyff_farming_simulator/models/canonical_intermediate_ppo_020k_rehearsed.zip	4261f62b38fa72eaa28eb7e501dc9ef883358a870545e4831844db7bc3b14daa	[925]	nvec=[3, 3]	simulator.split_branch_policy	SplitSteeringNavigationPolicy	ABSENT	rehearsed_variant	yes	no
era_925	flyff_farming_simulator/models/generalized_waypoint_seed0_0002048.zip	3468f3c827976394f2f5d48afd5091ed6eab7d4e9f16ac3c9aec74e92ef36adf	[925]	nvec=[3, 3]	simulator.split_branch_policy	SplitSteeringNavigationPolicy	ABSENT	step_or_index=0002048	yes	no
era_925	flyff_farming_simulator/models/generalized_waypoint_seed0_0010240.zip	fffd1cf124f24a0492245ecc28bedb27fd0ce085536c22e019e1889d9e4b4ece	[925]	nvec=[3, 3]	simulator.split_branch_policy	SplitSteeringNavigationPolicy	ABSENT	step_or_index=0010240	yes	no
era_925	flyff_farming_simulator/models/generalized_waypoint_seed0_0020480.zip	89ad8171763fb984d49db154a671b130129f0be5180ce1f7022b0aed1cd5b7a8	[925]	nvec=[3, 3]	simulator.split_branch_policy	SplitSteeringNavigationPolicy	ABSENT	step_or_index=0020480	yes	no
era_925	flyff_farming_simulator/models/generalized_waypoint_seed0_0030720.zip	ec0c25b188542450c742408a05472b407dc7e783e045be23d56f2b0c103f4a1a	[925]	nvec=[3, 3]	simulator.split_branch_policy	SplitSteeringNavigationPolicy	ABSENT	step_or_index=0030720	yes	no
era_925	flyff_farming_simulator/models/generalized_waypoint_seed0_0040960.zip	cb2ccdf8e5648ffb6b051e8b95722477e73b4e47f361cfe6d9f9bccc7adf057d	[925]	nvec=[3, 3]	simulator.split_branch_policy	SplitSteeringNavigationPolicy	ABSENT	step_or_index=0040960	yes	no
era_925	flyff_farming_simulator/models/generalized_waypoint_seed2_0010240.zip	6ce1144be06a123a934db038f1a4fa9a7ff613090bfa5fbaa3d62f446deb9f0f	[925]	nvec=[3, 3]	simulator.split_branch_policy	SplitSteeringNavigationPolicy	ABSENT	step_or_index=0010240	yes	no
era_925	flyff_farming_simulator/models/generalized_waypoint_seed2_0020480.zip	9a700b11c91d6ae4e66391357bfb4898df84dc1a20f58a140bd2be86b8cf9277	[925]	nvec=[3, 3]	simulator.split_branch_policy	SplitSteeringNavigationPolicy	ABSENT	step_or_index=0020480	yes	no
era_925	flyff_farming_simulator/models/generalized_waypoint_seed2_0030720.zip	32a48535d640223853433f82406f4c6c29dfc45baffa6eef2fa7f05ba307f8b3	[925]	nvec=[3, 3]	simulator.split_branch_policy	SplitSteeringNavigationPolicy	ABSENT	step_or_index=0030720	yes	no
era_925	flyff_farming_simulator/models/generalized_waypoint_seed2_0040960.zip	91311b62f0ffac265c2fc349f23fad4c08c7c33c15c758614db93c492defd59f	[925]	nvec=[3, 3]	simulator.split_branch_policy	SplitSteeringNavigationPolicy	ABSENT	step_or_index=0040960	yes	no
era_925	flyff_farming_simulator/models/generalized_waypoint_seed8_0010240.zip	6fef114df97e61d8781f98c089380ec3101bb0cdf018f2aeed3f24eaf417f5a8	[925]	nvec=[3, 3]	simulator.split_branch_policy	SplitSteeringNavigationPolicy	ABSENT	step_or_index=0010240	yes	no
era_925	flyff_farming_simulator/models/generalized_waypoint_seed8_0020480.zip	fdad5fa260aac883470edf8d19cf9276980a1503e93af21fa07bfb7b8597e4da	[925]	nvec=[3, 3]	simulator.split_branch_policy	SplitSteeringNavigationPolicy	ABSENT	step_or_index=0020480	yes	no
era_925	flyff_farming_simulator/models/generalized_waypoint_seed8_0030720.zip	d4a41e3f3a88a81b2aa8cd801ed301de9fdfa14b9add4e7c0d685bb8cda164ba	[925]	nvec=[3, 3]	simulator.split_branch_policy	SplitSteeringNavigationPolicy	ABSENT	step_or_index=0030720	yes	no
era_925	flyff_farming_simulator/models/generalized_waypoint_seed8_0040960.zip	0692ebf32d7fa404b75543735110c092e8157c85aff174bedf416900ec40c9c7	[925]	nvec=[3, 3]	simulator.split_branch_policy	SplitSteeringNavigationPolicy	ABSENT	step_or_index=0040960	yes	no
era_925	flyff_farming_simulator/models/phase2_ppo_chunk_10k_BROKEN_default_hparams.zip	92c7285f810d128bd481b17effce50c1f03d1f301ec65a1dfb495a579bf165d4	[925]	nvec=[3, 3]	simulator.split_branch_policy	SplitSteeringNavigationPolicy	ABSENT	quarantined_BROKEN	yes	no
era_925	flyff_farming_simulator/models/phase2_ppo_chunk_10k_v2.zip	65e8865df1cdf3c822072f266ba7191725a982adfc98e9c205fc30d01532147a	[925]	nvec=[3, 3]	simulator.split_branch_policy	SplitSteeringNavigationPolicy	ABSENT	none_recorded	yes	no
era_925	flyff_farming_simulator/models/phase2_ppo_chunk_30k.zip	8d750e46e9430caa98bb857ef53ca66454c399e11e56dba8e7693d7e988e80dc	[925]	nvec=[3, 3]	simulator.split_branch_policy	SplitSteeringNavigationPolicy	ABSENT	none_recorded	yes	no
era_925	flyff_farming_simulator/models/phase2_steering_navigation_v1.zip	a19f261526367f043e28929e7f07dd50b4c9a901018431ab08aefda19c49ef88	[925]	nvec=[3, 3]	simulator.split_branch_policy	SplitSteeringNavigationPolicy	ABSENT	none_recorded	yes	no
era_925	flyff_farming_simulator/models/phase2_steering_navigation_v2.zip	18b5c732e79029ea4bd3df51e7aa3758ee089c86c654df4939417cfcb90933cb	[925]	nvec=[3, 3]	simulator.split_branch_policy	SplitSteeringNavigationPolicy	ABSENT	none_recorded	yes	no
era_925	flyff_farming_simulator/models/phase2_steering_navigation_v3.zip	107449add745f75a51d01e92c9ae8cc89d567d4c12177a80c303f3d16faa0e49	[925]	nvec=[3, 3]	simulator.split_branch_policy	SplitSteeringNavigationPolicy	ABSENT	none_recorded	yes	no
era_925	flyff_farming_simulator/models/procedural_waypoint_recorded_seed0_0010240.zip	50104d6b6a7fa39df3321fc4b9e4ac2374fffb15ca52d2bc58f2b08c8cba7fd1	[925]	nvec=[3, 3]	simulator.split_branch_policy	SplitSteeringNavigationPolicy	ABSENT	step_or_index=0010240	yes	no
era_925	flyff_farming_simulator/models/procedural_waypoint_recorded_seed0_0020480.zip	b025cab93e711acb4c19596616f4e141bc039b8c132710dba5440099404789c4	[925]	nvec=[3, 3]	simulator.split_branch_policy	SplitSteeringNavigationPolicy	ABSENT	step_or_index=0020480	yes	no
era_925	flyff_farming_simulator/models/procedural_waypoint_recorded_seed0_0030720.zip	4f75456032f9f67c05decb8890059645b69a5d18836cf0fba0f4cb4fe71778dd	[925]	nvec=[3, 3]	simulator.split_branch_policy	SplitSteeringNavigationPolicy	ABSENT	step_or_index=0030720	yes	no
era_925	flyff_farming_simulator/models/procedural_waypoint_recorded_seed2_0010240.zip	2af8bfead4d80ae4ba386f9492f4b9a10fa8ad65a5f866e93d753fea972aff60	[925]	nvec=[3, 3]	simulator.split_branch_policy	SplitSteeringNavigationPolicy	ABSENT	step_or_index=0010240	yes	no
era_925	flyff_farming_simulator/models/procedural_waypoint_recorded_seed2_0020480.zip	66028cd3caac08f0a935be8a619306d6ce4b6382af6b65790817ba2c66129ca6	[925]	nvec=[3, 3]	simulator.split_branch_policy	SplitSteeringNavigationPolicy	ABSENT	step_or_index=0020480	yes	no
era_925	flyff_farming_simulator/models/procedural_waypoint_recorded_seed2_0030720.zip	75d1e0ed3f17e710567bc07d85eb050ab2086b6c2bfb6d7a773819691f1eebad	[925]	nvec=[3, 3]	simulator.split_branch_policy	SplitSteeringNavigationPolicy	ABSENT	step_or_index=0030720	yes	no
era_925	flyff_farming_simulator/models/procedural_waypoint_recorded_seed8_0010240.zip	132900be41cf2799b18af5afd07eeb4680f18022920c45b1d3d2ee498ff4aedc	[925]	nvec=[3, 3]	simulator.split_branch_policy	SplitSteeringNavigationPolicy	ABSENT	step_or_index=0010240	yes	no
era_925	flyff_farming_simulator/models/procedural_waypoint_recorded_seed8_0020480.zip	13cdc4394dd9622ca0f0bc428867fc716a6d74c2846465bd69cbcd344d48deb6	[925]	nvec=[3, 3]	simulator.split_branch_policy	SplitSteeringNavigationPolicy	ABSENT	step_or_index=0020480	yes	no
era_925	flyff_farming_simulator/models/procedural_waypoint_recorded_seed8_0030720.zip	179e2c3883e3de487a6e70aed70d8d71b5688ad0138230093391e14c2d467af3	[925]	nvec=[3, 3]	simulator.split_branch_policy	SplitSteeringNavigationPolicy	ABSENT	step_or_index=0030720	yes	no
era_925	flyff_farming_simulator/models/procedural_waypoint_symmetric_seed0_0002048.zip	a36b55c6201af7f7d7637f2bc75b5655a92deabeb88d6576cc6096f3f76819d3	[925]	nvec=[3, 3]	simulator.split_branch_policy	SplitSteeringNavigationPolicy	ABSENT	step_or_index=0002048	yes	no
era_925	flyff_farming_simulator/models/procedural_waypoint_symmetric_seed0_0010240.zip	9e1dff5ba6fb01210d823338bda10f8db68b395482949a1a1d1f9822a0d718b1	[925]	nvec=[3, 3]	simulator.split_branch_policy	SplitSteeringNavigationPolicy	ABSENT	step_or_index=0010240	yes	no
era_925	flyff_farming_simulator/models/procedural_waypoint_symmetric_seed0_0020480.zip	a44b0e31b6dd6089a8a36df932f667f84cd1b7341bc1519b9e8dc43ed535a899	[925]	nvec=[3, 3]	simulator.split_branch_policy	SplitSteeringNavigationPolicy	ABSENT	step_or_index=0020480	yes	no
era_925	flyff_farming_simulator/models/procedural_waypoint_symmetric_seed0_0030720.zip	9b9b55e09e68da77330641021c737926b60a74ef953964b5b492ce3ecbbed84d	[925]	nvec=[3, 3]	simulator.split_branch_policy	SplitSteeringNavigationPolicy	ABSENT	step_or_index=0030720	yes	no
era_925	flyff_farming_simulator/models/procedural_waypoint_symmetric_seed2_0010240.zip	108b4ca2432f1c08cf24e4c820835d8207e6a6abe6231f1620fc658714411907	[925]	nvec=[3, 3]	simulator.split_branch_policy	SplitSteeringNavigationPolicy	ABSENT	step_or_index=0010240	yes	no
era_925	flyff_farming_simulator/models/procedural_waypoint_symmetric_seed2_0020480.zip	9c304d1afa80bd4cf853954bb00423077acf8e2e4cad7ee648edacdf87a56152	[925]	nvec=[3, 3]	simulator.split_branch_policy	SplitSteeringNavigationPolicy	ABSENT	step_or_index=0020480	yes	no
era_925	flyff_farming_simulator/models/procedural_waypoint_symmetric_seed2_0030720.zip	70648686e3b4deee07403e8f206c199bb212c5207787dd8ea90c727c0c400380	[925]	nvec=[3, 3]	simulator.split_branch_policy	SplitSteeringNavigationPolicy	ABSENT	step_or_index=0030720	yes	no
era_925	flyff_farming_simulator/models/procedural_waypoint_symmetric_seed8_0010240.zip	3118b1945b71f4090ca28ca399ba7ae139bd72ef97f2e7dbc884104393a4ba17	[925]	nvec=[3, 3]	simulator.split_branch_policy	SplitSteeringNavigationPolicy	ABSENT	step_or_index=0010240	yes	no
era_925	flyff_farming_simulator/models/procedural_waypoint_symmetric_seed8_0020480.zip	e05196f1a0ef99b8e8f035ef403b588b5751376095ded140ed5dcd90af1f4e62	[925]	nvec=[3, 3]	simulator.split_branch_policy	SplitSteeringNavigationPolicy	ABSENT	step_or_index=0020480	yes	no
era_925	flyff_farming_simulator/models/procedural_waypoint_symmetric_seed8_0030720.zip	1ca7832f77aa5fd8cffdeb6059409c046ebebc17ef5e73f56bcc7eff28e431fc	[925]	nvec=[3, 3]	simulator.split_branch_policy	SplitSteeringNavigationPolicy	ABSENT	step_or_index=0030720	yes	no
era_925	flyff_farming_simulator/models/pure_nav_v2_goal_normal_0025600.zip	cbc66b39cd69ead130dc52b3c5a9ebbfd59b1fe1b780c648ca3bbc6593e69ffd	[925]	nvec=[3, 3]	simulator.split_branch_policy	SplitSteeringNavigationPolicy	ABSENT	step_or_index=0025600	yes	no
era_925	flyff_farming_simulator/models/pure_nav_v2_goal_normal_0051200.zip	61d0f07622f1f07c2abd49b966a03ce70a01666476a67e5dd4943e5edeff8bea	[925]	nvec=[3, 3]	simulator.split_branch_policy	SplitSteeringNavigationPolicy	ABSENT	step_or_index=0051200	yes	no
era_925	flyff_farming_simulator/models/pure_nav_v2_goal_normal_0076800.zip	246fd177f8b4bcb1b13a1f0665bb2e9ca9126f0635569fe0a7f0b36269f8dcb1	[925]	nvec=[3, 3]	simulator.split_branch_policy	SplitSteeringNavigationPolicy	ABSENT	step_or_index=0076800	yes	no
era_925	flyff_farming_simulator/models/pure_nav_v2_goal_normal_0102400.zip	f11acb17ba01b3404a44359cdf9d2be13e0a6d52c9582ea472f126748980aef3	[925]	nvec=[3, 3]	simulator.split_branch_policy	SplitSteeringNavigationPolicy	ABSENT	step_or_index=0102400	yes	no
era_925	flyff_farming_simulator/models/pure_nav_v2_goal_normal_0128000.zip	e6546a172a493a260787f3af18e3dabb4bf3792243e64590122d3c06fe3ab163	[925]	nvec=[3, 3]	simulator.split_branch_policy	SplitSteeringNavigationPolicy	ABSENT	step_or_index=0128000	yes	no
era_925	flyff_farming_simulator/models/pure_nav_v2_goal_normal_0153600.zip	1eb89c37ceea558c95510d01708df965faeb5830a1d9eda319740b97ae4ebd20	[925]	nvec=[3, 3]	simulator.split_branch_policy	SplitSteeringNavigationPolicy	ABSENT	step_or_index=0153600	yes	no
era_925	flyff_farming_simulator/models/pure_nav_v2_goal_normal_0179200.zip	c3a623c1edd3b75d28b34d0a447a871af2c987c178e8a15fd8fbf448666f56a7	[925]	nvec=[3, 3]	simulator.split_branch_policy	SplitSteeringNavigationPolicy	ABSENT	step_or_index=0179200	yes	no
era_925	flyff_farming_simulator/models/pure_nav_v2_goal_normal_0200704.zip	9e7d88b955ec22c3870bbd401ca03f1f982e529063d7b750e0e599706fd45b60	[925]	nvec=[3, 3]	simulator.split_branch_policy	SplitSteeringNavigationPolicy	ABSENT	step_or_index=0200704	yes	no
era_925	flyff_farming_simulator/models/pure_nav_v2_goal_stable_0025600.zip	dc2ea9f9f249d7e43880ef5f5adaefd5b3d489c218069f1fd77116a97cfd6a9e	[925]	nvec=[3, 3]	simulator.split_branch_policy	SplitSteeringNavigationPolicy	ABSENT	step_or_index=0025600	yes	no
era_925	flyff_farming_simulator/models/pure_nav_v2_goal_stable_0051200.zip	0c93f56fb509e99cb68cc479214bd64070a5777ac8879f6c0c0b4e99c97ebaed	[925]	nvec=[3, 3]	simulator.split_branch_policy	SplitSteeringNavigationPolicy	ABSENT	step_or_index=0051200	yes	no
era_925	flyff_farming_simulator/models/pure_nav_v2_goal_stable_0076800.zip	32e2f1d08640ba431c4a6a381aa110428952bf371a16422ff59d3e0e93e49002	[925]	nvec=[3, 3]	simulator.split_branch_policy	SplitSteeringNavigationPolicy	ABSENT	step_or_index=0076800	yes	no
era_925	flyff_farming_simulator/models/pure_nav_v2_goal_stable_0102400.zip	0e2dd675d872da948f9fa68ac0ead8aa256147617cf89df6abde9b6b4d215845	[925]	nvec=[3, 3]	simulator.split_branch_policy	SplitSteeringNavigationPolicy	ABSENT	step_or_index=0102400	yes	no
era_925	flyff_farming_simulator/models/pure_nav_v2_goal_stable_0128000.zip	18cd1571e86da39743893f30dcf6c366ed21fc70e317d7ecd430cb92c01506c7	[925]	nvec=[3, 3]	simulator.split_branch_policy	SplitSteeringNavigationPolicy	ABSENT	step_or_index=0128000	yes	no
era_925	flyff_farming_simulator/models/pure_nav_v2_goal_stable_0153600.zip	7ef15e0e558b0ab85bfe8106a12cf4ae37d9bab0df178f62bb4d3e1e2e8b6e10	[925]	nvec=[3, 3]	simulator.split_branch_policy	SplitSteeringNavigationPolicy	ABSENT	step_or_index=0153600	yes	no
era_925	flyff_farming_simulator/models/pure_nav_v2_goal_stable_0179200.zip	bf78cba5f218b825b1e909695b46641f245acf758a350ecae063408c8fae48e0	[925]	nvec=[3, 3]	simulator.split_branch_policy	SplitSteeringNavigationPolicy	ABSENT	step_or_index=0179200	yes	no
era_925	flyff_farming_simulator/models/pure_nav_v2_goal_stable_0200704.zip	afbbf9ae669756c99c94a0d47b700b2e754fee2e9538070b1152a15cb90f94af	[925]	nvec=[3, 3]	simulator.split_branch_policy	SplitSteeringNavigationPolicy	ABSENT	step_or_index=0200704	yes	no
era_925	flyff_farming_simulator/models/pure_nav_v2_safety_0025600.zip	c216e9fafe8bf964b3b3c5d88dc6df48b7797b066a0fad22d7cff3545a992548	[925]	nvec=[3, 3]	simulator.split_branch_policy	SplitSteeringNavigationPolicy	ABSENT	step_or_index=0025600	yes	no
era_925	flyff_farming_simulator/models/pure_nav_v2_safety_0051200.zip	a0971eae0250ba9a3b64e34018b484ad7bfce8068146aa6f1a41e718005bd09a	[925]	nvec=[3, 3]	simulator.split_branch_policy	SplitSteeringNavigationPolicy	ABSENT	step_or_index=0051200	yes	no
era_925	flyff_farming_simulator/models/pure_nav_v2_safety_0076800.zip	ef9acf8742697881737939b51b635a8f36198cf8d4d6d4db104e2757425faf16	[925]	nvec=[3, 3]	simulator.split_branch_policy	SplitSteeringNavigationPolicy	ABSENT	step_or_index=0076800	yes	no
era_925	flyff_farming_simulator/models/pure_nav_v2_safety_0102400.zip	891d828fc8bc007dd6b8a15a29355168a296b6fd5be90b0f645bd9d1b0da3281	[925]	nvec=[3, 3]	simulator.split_branch_policy	SplitSteeringNavigationPolicy	ABSENT	step_or_index=0102400	yes	no
era_925	flyff_farming_simulator/models/pure_nav_v2_safety_0128000.zip	ed57a2c6f1f0d1cc1b6e8adea93ba8cd11d474d88c0c492a94dd9981257d245d	[925]	nvec=[3, 3]	simulator.split_branch_policy	SplitSteeringNavigationPolicy	ABSENT	step_or_index=0128000	yes	no
era_925	flyff_farming_simulator/models/pure_nav_v2_safety_0153600.zip	1a96da18cbd55b6833c5d8f287ff63116d26cc52a99d0994e30ff793e12f7f2c	[925]	nvec=[3, 3]	simulator.split_branch_policy	SplitSteeringNavigationPolicy	ABSENT	step_or_index=0153600	yes	no
era_925	flyff_farming_simulator/models/pure_nav_v2_safety_0179200.zip	b10951761ac9f348cf92b748f6023a5d1effa5a2670a1af1c9636f16a6ed865e	[925]	nvec=[3, 3]	simulator.split_branch_policy	SplitSteeringNavigationPolicy	ABSENT	step_or_index=0179200	yes	no
era_925	flyff_farming_simulator/models/pure_nav_v2_safety_0200704.zip	14f6174b733d39c0a2a4b80e3103d2d28a76d67cdc38a7adc6e72fad3234dfd6	[925]	nvec=[3, 3]	simulator.split_branch_policy	SplitSteeringNavigationPolicy	ABSENT	step_or_index=0200704	yes	no
era_925	flyff_farming_simulator/models/pure_nav_v2_smoketest2_0002048.zip	6d60aa7a100d47ecaa97ef6234840eb8c19306b70f3bed7163f8f127378e020d	[925]	nvec=[3, 3]	simulator.split_branch_policy	SplitSteeringNavigationPolicy	ABSENT	step_or_index=0002048	yes	no
era_925	flyff_farming_simulator/models/pure_nav_v2_smoketest_0002048.zip	82d03d5749938238f4adcad58100bb55cc6eece2d2633effce2831df4d8d1fec	[925]	nvec=[3, 3]	simulator.split_branch_policy	SplitSteeringNavigationPolicy	ABSENT	step_or_index=0002048	yes	no
era_925	flyff_farming_simulator/models/pure_nav_v2_smoketest_0004096.zip	d6ef11e8fb0fb0cf47a2f273ebf5cfa310edc745a203bc71f8f6776f4bb30848	[925]	nvec=[3, 3]	simulator.split_branch_policy	SplitSteeringNavigationPolicy	ABSENT	step_or_index=0004096	yes	no
era_925	flyff_farming_simulator/models/pure_nav_v4_greedy_0025600.zip	181ad8a06c7bc669cdf3c5c67daf9b2e22d1be2952ac7edd876bcd7690efb70e	[925]	nvec=[3, 3]	simulator.split_branch_policy	SplitSteeringNavigationPolicy	ABSENT	step_or_index=0025600	yes	no
era_925	flyff_farming_simulator/models/pure_nav_v4_greedy_0050176.zip	2d8b326cb658348b8e3cb087b395682ae7d4c8ab66760c814f0f77da18941382	[925]	nvec=[3, 3]	simulator.split_branch_policy	SplitSteeringNavigationPolicy	ABSENT	step_or_index=0050176	yes	no
era_925	flyff_farming_simulator/models/pure_nav_v4_sticky_0025600.zip	04156b83c25ba0fb8a43163ffb14ab3e154dec2739f613cae05a5956cbb4bfaf	[925]	nvec=[3, 3]	simulator.split_branch_policy	SplitSteeringNavigationPolicy	ABSENT	step_or_index=0025600	yes	no
era_925	flyff_farming_simulator/models/pure_nav_v4_sticky_0050176.zip	6548d92599720d96f0a9016981208a4941dd3a92260d91532fb5e8af6d416c1e	[925]	nvec=[3, 3]	simulator.split_branch_policy	SplitSteeringNavigationPolicy	ABSENT	step_or_index=0050176	yes	no
era_925	flyff_farming_simulator/models/pure_navigation_ppo_normal_target.zip	885c94df3667c2166f9d875e0b72deb73032c5d6df173a9a4c7869b941b641a1	[925]	nvec=[3, 3]	simulator.split_branch_policy	SplitSteeringNavigationPolicy	ABSENT	none_recorded	yes	no
era_925	flyff_farming_simulator/models/pure_navigation_ppo_stable_waypoint.zip	5d98e0e683776ebb33138005965ba21d821e0a2e2ba3d4fc1310ce4320904e57	[925]	nvec=[3, 3]	simulator.split_branch_policy	SplitSteeringNavigationPolicy	ABSENT	none_recorded	yes	no
era_925	flyff_farming_simulator/models/single_obstacle_seed0_0002048.zip	de9dd14023e85e3ed45c9be4a905092f6f29bbfbdb61fcee6a4db7917e346c37	[925]	nvec=[3, 3]	simulator.split_branch_policy	SplitSteeringNavigationPolicy	ABSENT	step_or_index=0002048	yes	no
era_925	flyff_farming_simulator/models/single_obstacle_seed0_0015360.zip	857f4bbcdf2cde90c3c3cef6f03c6d630e2a09cc8928f1a770863f1e7961a3f7	[925]	nvec=[3, 3]	simulator.split_branch_policy	SplitSteeringNavigationPolicy	ABSENT	step_or_index=0015360	yes	no
era_925	flyff_farming_simulator/models/single_obstacle_seed0_0030720.zip	ff3338640c84d54ae2ed00d5ca96d70897eea263e876f1ec5d0e8eb39885ae6c	[925]	nvec=[3, 3]	simulator.split_branch_policy	SplitSteeringNavigationPolicy	ABSENT	step_or_index=0030720	yes	no
era_925	flyff_farming_simulator/models/single_obstacle_seed0_0046080.zip	64f26484941b998c9afd31ca9ef6ea8b816d0b423547ee767663c365d2d88784	[925]	nvec=[3, 3]	simulator.split_branch_policy	SplitSteeringNavigationPolicy	ABSENT	step_or_index=0046080	yes	no
era_925	flyff_farming_simulator/models/single_obstacle_seed0_0060416.zip	ba1761943d0c6009ee03c849140e310d8bfe07de3be691b450bd69dce8326ecb	[925]	nvec=[3, 3]	simulator.split_branch_policy	SplitSteeringNavigationPolicy	ABSENT	step_or_index=0060416	yes	no
era_925	flyff_farming_simulator/models/single_obstacle_seed2_0015360.zip	c5cb9308a8f3ce0915550a7b2ee699f50b62c680b7d9c13b1918976f449be88a	[925]	nvec=[3, 3]	simulator.split_branch_policy	SplitSteeringNavigationPolicy	ABSENT	step_or_index=0015360	yes	no
era_925	flyff_farming_simulator/models/single_obstacle_seed2_0030720.zip	b7b87d365d027d5c162f092763f4128e79c0042d51580b648cbc6777c44b88d4	[925]	nvec=[3, 3]	simulator.split_branch_policy	SplitSteeringNavigationPolicy	ABSENT	step_or_index=0030720	yes	no
era_925	flyff_farming_simulator/models/single_obstacle_seed2_0046080.zip	0c6361243625486aa5149cec89e20963595fa16c697f84742c09a6126e6f1c65	[925]	nvec=[3, 3]	simulator.split_branch_policy	SplitSteeringNavigationPolicy	ABSENT	step_or_index=0046080	yes	no
era_925	flyff_farming_simulator/models/single_obstacle_seed2_0060416.zip	aee95ce3ea89ba674fd012c3db5e2c6a874c825bff24845c6a7b77c8c867c5b9	[925]	nvec=[3, 3]	simulator.split_branch_policy	SplitSteeringNavigationPolicy	ABSENT	step_or_index=0060416	yes	no
era_925	flyff_farming_simulator/models/single_obstacle_seed8_0015360.zip	9943dc9d0883fd914e1769fa150ff3f35068563c37fa1f7bcd2b86f0668fe5a9	[925]	nvec=[3, 3]	simulator.split_branch_policy	SplitSteeringNavigationPolicy	ABSENT	step_or_index=0015360	yes	no
era_925	flyff_farming_simulator/models/single_obstacle_seed8_0030720.zip	88f4becd440710b5f397c29ce2adb81cee3ad0d6d6d621d1571d9314f3b796bf	[925]	nvec=[3, 3]	simulator.split_branch_policy	SplitSteeringNavigationPolicy	ABSENT	step_or_index=0030720	yes	no
era_925	flyff_farming_simulator/models/single_obstacle_seed8_0046080.zip	10dfd30f3899515af624c766e54b0c932cbd17fa9b21599211d3592ac4ca1a05	[925]	nvec=[3, 3]	simulator.split_branch_policy	SplitSteeringNavigationPolicy	ABSENT	step_or_index=0046080	yes	no
era_925	flyff_farming_simulator/models/single_obstacle_seed8_0060416.zip	550d699b82e799e66d6231a950747fa92cfc30f86b9af0c6e4e6253100c48964	[925]	nvec=[3, 3]	simulator.split_branch_policy	SplitSteeringNavigationPolicy	ABSENT	step_or_index=0060416	yes	no
era_925	flyff_farming_simulator/models/single_obstacle_transfer_seed0_0043008.zip	35c2dbb385e81b67242e68033299fe00cd1ff4d39791514388a874f7d96de3d0	[925]	nvec=[3, 3]	simulator.split_branch_policy	SplitSteeringNavigationPolicy	ABSENT	step_or_index=0043008	yes	no
era_925	flyff_farming_simulator/models/single_obstacle_transfer_seed0_0056320.zip	a03ee440ab6fb87e94e2fced25eb19970165df20d165711aa54cbc78140b484a	[925]	nvec=[3, 3]	simulator.split_branch_policy	SplitSteeringNavigationPolicy	ABSENT	step_or_index=0056320	yes	no
era_925	flyff_farming_simulator/models/single_obstacle_transfer_seed0_0060416.zip	d467d7b93e973f532c9155b01fffe919a69d4cc45e69ea7a265c4e020292f622	[925]	nvec=[3, 3]	simulator.split_branch_policy	SplitSteeringNavigationPolicy	ABSENT	step_or_index=0060416	yes	no
era_925	flyff_farming_simulator/models/single_obstacle_transfer_seed2_0056320.zip	e0a8bd1e29fe5ce8a36dbc3880c23413ae668a6845cac85b15bbfb37046bae70	[925]	nvec=[3, 3]	simulator.split_branch_policy	SplitSteeringNavigationPolicy	ABSENT	step_or_index=0056320	yes	no
era_925	flyff_farming_simulator/models/single_obstacle_transfer_seed2_0060416.zip	bc38db8a58bf38bb82fd7281154a236d2828f4b8f0dd989d3b7171adfb4a07e9	[925]	nvec=[3, 3]	simulator.split_branch_policy	SplitSteeringNavigationPolicy	ABSENT	step_or_index=0060416	yes	no
era_925	flyff_farming_simulator/models/single_obstacle_transfer_seed8_0056320.zip	62b0f40d243d45832bcd287c2cbfda1b5133d9dd2a814f17f8bf80d24aba4b81	[925]	nvec=[3, 3]	simulator.split_branch_policy	SplitSteeringNavigationPolicy	ABSENT	step_or_index=0056320	yes	no
era_925	flyff_farming_simulator/models/single_obstacle_transfer_seed8_0060416.zip	566d1449a48b01f7b164ad243d90c6f78a61c3ba2cbad3f5dfeca0b10b84c890	[925]	nvec=[3, 3]	simulator.split_branch_policy	SplitSteeringNavigationPolicy	ABSENT	step_or_index=0060416	yes	no
era_925	flyff_farming_simulator/models/static_waypoint_seed0_0010240.zip	8982a79d45831ca7ef85e775e7cdec100259ebbfa93a588a4827f9fe70204caa	[925]	nvec=[3, 3]	simulator.split_branch_policy	SplitSteeringNavigationPolicy	ABSENT	step_or_index=0010240	yes	no
era_925	flyff_farming_simulator/models/static_waypoint_seed0_0020480.zip	273b66ecb1edbb65c57d82b390773ddc83e3f8242a9d657a428903b68466286e	[925]	nvec=[3, 3]	simulator.split_branch_policy	SplitSteeringNavigationPolicy	ABSENT	step_or_index=0020480	yes	no
era_925	flyff_farming_simulator/models/static_waypoint_seed0_0030720.zip	cd4b0d256cbbb5dbd26f9414cad863bde0678a34a9d0bfba936c5c1908d65cb5	[925]	nvec=[3, 3]	simulator.split_branch_policy	SplitSteeringNavigationPolicy	ABSENT	step_or_index=0030720	yes	no
era_925	flyff_farming_simulator/models/static_waypoint_seed1_0010240.zip	54f7a6855b86f00887fb3381b4621960060bec842b96a5c7e2ee708416780fbb	[925]	nvec=[3, 3]	simulator.split_branch_policy	SplitSteeringNavigationPolicy	ABSENT	step_or_index=0010240	yes	no
era_925	flyff_farming_simulator/models/static_waypoint_seed1_0020480.zip	3d6d9c688b5ec8bab0ff59aa3fcbde379aaec382aa66f940c024102323721404	[925]	nvec=[3, 3]	simulator.split_branch_policy	SplitSteeringNavigationPolicy	ABSENT	step_or_index=0020480	yes	no
era_925	flyff_farming_simulator/models/static_waypoint_seed1_0030720.zip	6f163d77784512b7201f933fdc84de72bfd1c1c949179829e27a4f17cf84223f	[925]	nvec=[3, 3]	simulator.split_branch_policy	SplitSteeringNavigationPolicy	ABSENT	step_or_index=0030720	yes	no
era_925	flyff_farming_simulator/models/static_waypoint_seed2_0010240.zip	3b6eeab4268c09c685119acceafb77fdbcd529fa343ab13d1283deef01d61fa8	[925]	nvec=[3, 3]	simulator.split_branch_policy	SplitSteeringNavigationPolicy	ABSENT	step_or_index=0010240	yes	no
era_925	flyff_farming_simulator/models/static_waypoint_seed2_0020480.zip	302e11f2c1ae64544c3a5865328dd596af81a4be064229ae5d23ac14f8d8c2f7	[925]	nvec=[3, 3]	simulator.split_branch_policy	SplitSteeringNavigationPolicy	ABSENT	step_or_index=0020480	yes	no
era_925	flyff_farming_simulator/models/static_waypoint_seed2_0030720.zip	cc1defd26f586dadbafdb43b21e996a67e8482be71db2d8bab9dced2883ef2a3	[925]	nvec=[3, 3]	simulator.split_branch_policy	SplitSteeringNavigationPolicy	ABSENT	step_or_index=0030720	yes	no
era_928	flyff_farming_simulator/models/generalized_waypoint_both_seed0_0010240.zip	7f652416c4d4f03f185de1572e875dd5877f23718673c5182fac144945199a99	[928]	nvec=[3, 3]	simulator.split_branch_policy	SplitSteeringNavigationPolicy	ABSENT	step_or_index=0010240	yes	no
era_928	flyff_farming_simulator/models/generalized_waypoint_both_seed0_0020480.zip	a248ebad54f56686ff949c6dd2b888e46d31978cba792d319f0e9535e7f4e31a	[928]	nvec=[3, 3]	simulator.split_branch_policy	SplitSteeringNavigationPolicy	ABSENT	step_or_index=0020480	yes	no
era_928	flyff_farming_simulator/models/generalized_waypoint_both_seed0_0030720.zip	9c32b7a9fbaed2909b6682dd844d2cc17e3edd05d0a89e8128d211babb40701a	[928]	nvec=[3, 3]	simulator.split_branch_policy	SplitSteeringNavigationPolicy	ABSENT	step_or_index=0030720	yes	no
era_928	flyff_farming_simulator/models/generalized_waypoint_both_seed0_0040960.zip	0d9b89b6b4ad9ae793011176213b81105d939be9c455107e1a79aa37e5e9a5e2	[928]	nvec=[3, 3]	simulator.split_branch_policy	SplitSteeringNavigationPolicy	ABSENT	step_or_index=0040960	yes	no
era_928	flyff_farming_simulator/models/generalized_waypoint_both_seed0_0051200.zip	3198d422e184e7977a8b1af85fc3045f9229fc1b3d5a0d4e42df07b51c71bb8e	[928]	nvec=[3, 3]	simulator.split_branch_policy	SplitSteeringNavigationPolicy	ABSENT	step_or_index=0051200	yes	no
era_928	flyff_farming_simulator/models/generalized_waypoint_both_seed0_0061440.zip	67a03d0a3f4f06a5d9563db47cd2c81a644136637dc7b0070abd78361a06915b	[928]	nvec=[3, 3]	simulator.split_branch_policy	SplitSteeringNavigationPolicy	ABSENT	step_or_index=0061440	yes	no
era_928	flyff_farming_simulator/models/generalized_waypoint_both_seed1_0010240.zip	a147f43b8ec790d7feb10d5a28b2b2b128f936342bf703f1950842d993eb4cf2	[928]	nvec=[3, 3]	simulator.split_branch_policy	SplitSteeringNavigationPolicy	ABSENT	step_or_index=0010240	yes	no
era_928	flyff_farming_simulator/models/generalized_waypoint_both_seed1_0020480.zip	a6bf3338258248a4703ff9b53974081e2f120ce5acbc1a113a8ad0f1e524165e	[928]	nvec=[3, 3]	simulator.split_branch_policy	SplitSteeringNavigationPolicy	ABSENT	step_or_index=0020480	yes	no
era_928	flyff_farming_simulator/models/generalized_waypoint_both_seed1_0030720.zip	b526aeb7f4a8a88102699612401d47b1bd8928e1102f12a6f7d08a12a3e66ae8	[928]	nvec=[3, 3]	simulator.split_branch_policy	SplitSteeringNavigationPolicy	ABSENT	step_or_index=0030720	yes	no
era_928	flyff_farming_simulator/models/generalized_waypoint_both_seed1_0040960.zip	1ad7a2d0eddb8ad989eab374766f19d85a02131723e01a8fdf750289acba4bc3	[928]	nvec=[3, 3]	simulator.split_branch_policy	SplitSteeringNavigationPolicy	ABSENT	step_or_index=0040960	yes	no
era_928	flyff_farming_simulator/models/generalized_waypoint_both_seed1_0051200.zip	c5791533642bfad40880f34ca09bfc63752515ce05e456567e3e17bfa46391ee	[928]	nvec=[3, 3]	simulator.split_branch_policy	SplitSteeringNavigationPolicy	ABSENT	step_or_index=0051200	yes	no
era_928	flyff_farming_simulator/models/generalized_waypoint_both_seed1_0061440.zip	99cf7614e0294b6e62ea47d13950f21853af5612cf0eccfb825837c21dc25c54	[928]	nvec=[3, 3]	simulator.split_branch_policy	SplitSteeringNavigationPolicy	ABSENT	step_or_index=0061440	yes	no
era_928	flyff_farming_simulator/models/generalized_waypoint_both_seed2_0010240.zip	b1f23cd2211265950366ac3673721a468c04330569c70ebbcf8e7d45b356a982	[928]	nvec=[3, 3]	simulator.split_branch_policy	SplitSteeringNavigationPolicy	ABSENT	step_or_index=0010240	yes	no
era_928	flyff_farming_simulator/models/generalized_waypoint_both_seed2_0020480.zip	40c77ab44b0b3019803376a2a310ef228690773ad4306dc3fa5cb7b3d6ed86c8	[928]	nvec=[3, 3]	simulator.split_branch_policy	SplitSteeringNavigationPolicy	ABSENT	step_or_index=0020480	yes	no
era_928	flyff_farming_simulator/models/generalized_waypoint_both_seed2_0030720.zip	3cf06930e91313189c23432a251d45defc88bde99213fafb40ea63f25570390e	[928]	nvec=[3, 3]	simulator.split_branch_policy	SplitSteeringNavigationPolicy	ABSENT	step_or_index=0030720	yes	no
era_928	flyff_farming_simulator/models/generalized_waypoint_both_seed2_0040960.zip	ef88f491d7a2b9bc17b984a0cd3e07a891241c4ab8f957a31d0d954d0f7a0db8	[928]	nvec=[3, 3]	simulator.split_branch_policy	SplitSteeringNavigationPolicy	ABSENT	step_or_index=0040960	yes	no
era_928	flyff_farming_simulator/models/generalized_waypoint_both_seed2_0051200.zip	87bd8d3e0be88b7f243ad6c9b35ff6d3f8bde1f37b35334febf936ec115cda50	[928]	nvec=[3, 3]	simulator.split_branch_policy	SplitSteeringNavigationPolicy	ABSENT	step_or_index=0051200	yes	no
era_928	flyff_farming_simulator/models/generalized_waypoint_both_seed2_0061440.zip	71007cd8f6d48d3ebe948693723be589238667886349a425b3ca4dd3744d8fda	[928]	nvec=[3, 3]	simulator.split_branch_policy	SplitSteeringNavigationPolicy	ABSENT	step_or_index=0061440	yes	no
era_928	flyff_farming_simulator/models/generalized_waypoint_both_seed3_0010240.zip	242f9fd967c3625962b014e1223cbc465a2222a7fed71601407d24b3eb8819ba	[928]	nvec=[3, 3]	simulator.split_branch_policy	SplitSteeringNavigationPolicy	ABSENT	step_or_index=0010240	yes	no
era_928	flyff_farming_simulator/models/generalized_waypoint_both_seed3_0020480.zip	5ff9914663843052cda0875961a10aef2ba70159139924861a81f62db0ac87b2	[928]	nvec=[3, 3]	simulator.split_branch_policy	SplitSteeringNavigationPolicy	ABSENT	step_or_index=0020480	yes	no
era_928	flyff_farming_simulator/models/generalized_waypoint_both_seed3_0030720.zip	7f98905968e1621e6302fc02d633f05fbc2b1b1e531b520c119fc5e597a2651b	[928]	nvec=[3, 3]	simulator.split_branch_policy	SplitSteeringNavigationPolicy	ABSENT	step_or_index=0030720	yes	no
era_928	flyff_farming_simulator/models/generalized_waypoint_both_seed3_0040960.zip	a752cc435e29daf3d3f39fd0ed7e6255773684dd2d51f00ac1d8664d392ab83b	[928]	nvec=[3, 3]	simulator.split_branch_policy	SplitSteeringNavigationPolicy	ABSENT	step_or_index=0040960	yes	no
era_928	flyff_farming_simulator/models/generalized_waypoint_both_seed3_0051200.zip	ca6007e82e36f73dad8a3dc6751fe7de9eab56cf950c018e5678ff1d3201ce67	[928]	nvec=[3, 3]	simulator.split_branch_policy	SplitSteeringNavigationPolicy	ABSENT	step_or_index=0051200	yes	no
era_928	flyff_farming_simulator/models/generalized_waypoint_both_seed3_0061440.zip	788f3a6536ba1d9a287d88148fbee5348f59465e9c30a171394759282b2de3ad	[928]	nvec=[3, 3]	simulator.split_branch_policy	SplitSteeringNavigationPolicy	ABSENT	step_or_index=0061440	yes	no
era_928	flyff_farming_simulator/models/generalized_waypoint_both_seed5_0010240.zip	a5a1111918f928c96d500a1e868395417dfa1afe8e7c7bf7a4703b36948358c8	[928]	nvec=[3, 3]	simulator.split_branch_policy	SplitSteeringNavigationPolicy	ABSENT	step_or_index=0010240	yes	no
era_928	flyff_farming_simulator/models/generalized_waypoint_both_seed5_0020480.zip	1517ec54cebbac6534a925b367041defb722a6f67fceb3353ef77b182437d19d	[928]	nvec=[3, 3]	simulator.split_branch_policy	SplitSteeringNavigationPolicy	ABSENT	step_or_index=0020480	yes	no
era_928	flyff_farming_simulator/models/generalized_waypoint_both_seed5_0030720.zip	5f1cb86b45734e6154e149c404899c70db1b307000ea400cdd2379b459692129	[928]	nvec=[3, 3]	simulator.split_branch_policy	SplitSteeringNavigationPolicy	ABSENT	step_or_index=0030720	yes	no
era_928	flyff_farming_simulator/models/generalized_waypoint_both_seed5_0040960.zip	212a1d5010b4a742ecb1de5b3f7dbafe49c6027d28b0a7d235dc60a83ce6aa6d	[928]	nvec=[3, 3]	simulator.split_branch_policy	SplitSteeringNavigationPolicy	ABSENT	step_or_index=0040960	yes	no
era_928	flyff_farming_simulator/models/generalized_waypoint_both_seed5_0051200.zip	882c74d243825645776540e78fafba41da29291be4ece540f41c6d449cebb2a8	[928]	nvec=[3, 3]	simulator.split_branch_policy	SplitSteeringNavigationPolicy	ABSENT	step_or_index=0051200	yes	no
era_928	flyff_farming_simulator/models/generalized_waypoint_both_seed5_0061440.zip	892b21e33e0357b748344a0dcd31ce68ee36b0e88d11440026e4242f2c8b070c	[928]	nvec=[3, 3]	simulator.split_branch_policy	SplitSteeringNavigationPolicy	ABSENT	step_or_index=0061440	yes	no
era_928	flyff_farming_simulator/models/generalized_waypoint_both_seed8_0010240.zip	0f549781666442963913817745fb4580391ef7df9bfa8d87f6330b610a5609c9	[928]	nvec=[3, 3]	simulator.split_branch_policy	SplitSteeringNavigationPolicy	ABSENT	step_or_index=0010240	yes	no
era_928	flyff_farming_simulator/models/generalized_waypoint_both_seed8_0020480.zip	3797c7ffe87a2b891abc76923fe2b190e0573251246610e6dc061c7b666e621e	[928]	nvec=[3, 3]	simulator.split_branch_policy	SplitSteeringNavigationPolicy	ABSENT	step_or_index=0020480	yes	no
era_928	flyff_farming_simulator/models/generalized_waypoint_both_seed8_0030720.zip	e795e03ae7427915142c7947b5f0b1cb840d80d298fd3e8a2edf04a76acf73b1	[928]	nvec=[3, 3]	simulator.split_branch_policy	SplitSteeringNavigationPolicy	ABSENT	step_or_index=0030720	yes	no
era_928	flyff_farming_simulator/models/generalized_waypoint_both_seed8_0040960.zip	084f8d166d59f5d14e9c9a3e8165824539a3e6cbd0f50b7e5ba8359aeccd8991	[928]	nvec=[3, 3]	simulator.split_branch_policy	SplitSteeringNavigationPolicy	ABSENT	step_or_index=0040960	yes	no
era_928	flyff_farming_simulator/models/generalized_waypoint_both_seed8_0051200.zip	6e914ac7edaa15d595154cca220f863683f20c2715a6ee4c1c4effcc369da762	[928]	nvec=[3, 3]	simulator.split_branch_policy	SplitSteeringNavigationPolicy	ABSENT	step_or_index=0051200	yes	no
era_928	flyff_farming_simulator/models/generalized_waypoint_both_seed8_0061440.zip	764a62559a663cd42d329169d25f9d60a899ad1919e9809747d4ccb2ff812aa7	[928]	nvec=[3, 3]	simulator.split_branch_policy	SplitSteeringNavigationPolicy	ABSENT	step_or_index=0061440	yes	no
era_928	flyff_farming_simulator/models/generalized_waypoint_calibrated_arc_seed0_0010240.zip	c94ae36e220f56149aff15c5b118139c73cfe8d1e2773a57c63922c55a3f12dc	[928]	nvec=[3, 3]	simulator.split_branch_policy	SplitSteeringNavigationPolicy	ABSENT	step_or_index=0010240	yes	no
era_928	flyff_farming_simulator/models/generalized_waypoint_calibrated_arc_seed0_0020480.zip	039b24a75d7685d933fd07e70ca70a98afb17b7481a7e487f54763db73d5c1f1	[928]	nvec=[3, 3]	simulator.split_branch_policy	SplitSteeringNavigationPolicy	ABSENT	step_or_index=0020480	yes	no
era_928	flyff_farming_simulator/models/generalized_waypoint_calibrated_arc_seed0_0030720.zip	3f143146622c39e6babde0604f9e944d6d1fb46ffdd4b6bc62c9b480e250a977	[928]	nvec=[3, 3]	simulator.split_branch_policy	SplitSteeringNavigationPolicy	ABSENT	step_or_index=0030720	yes	no
era_928	flyff_farming_simulator/models/generalized_waypoint_calibrated_arc_seed0_0040960.zip	f966c89b735164bc254650cbbd207de508d066c19d0dd1d8cf8c0ea9dd114e8a	[928]	nvec=[3, 3]	simulator.split_branch_policy	SplitSteeringNavigationPolicy	ABSENT	step_or_index=0040960	yes	no
era_928	flyff_farming_simulator/models/generalized_waypoint_calibrated_arc_seed2_0010240.zip	8669be4aedeab5ee92c4ae9cfab47d5cf1536c738f5502ba34bc0d881dbe8f0d	[928]	nvec=[3, 3]	simulator.split_branch_policy	SplitSteeringNavigationPolicy	ABSENT	step_or_index=0010240	yes	no
era_928	flyff_farming_simulator/models/generalized_waypoint_calibrated_arc_seed2_0020480.zip	dc17f16450eef13f3bee0c6b94953dbf158169b8958c1b6c02064685ea8c6073	[928]	nvec=[3, 3]	simulator.split_branch_policy	SplitSteeringNavigationPolicy	ABSENT	step_or_index=0020480	yes	no
era_928	flyff_farming_simulator/models/generalized_waypoint_calibrated_arc_seed2_0030720.zip	32435ac67224dcc780952d3d3cc57027703c45d43ec82d7da42ac697220a8dc2	[928]	nvec=[3, 3]	simulator.split_branch_policy	SplitSteeringNavigationPolicy	ABSENT	step_or_index=0030720	yes	no
era_928	flyff_farming_simulator/models/generalized_waypoint_calibrated_arc_seed2_0040960.zip	5bb7deff6df2858c92ed1abdcb9c94cfcdaf76887aefbd2f2975ca17eac21d0b	[928]	nvec=[3, 3]	simulator.split_branch_policy	SplitSteeringNavigationPolicy	ABSENT	step_or_index=0040960	yes	no
era_928	flyff_farming_simulator/models/generalized_waypoint_calibrated_arc_seed8_0010240.zip	2046ef99214fa8bdf38307be00ee529583c067cb51397d2124dea40ab8665f30	[928]	nvec=[3, 3]	simulator.split_branch_policy	SplitSteeringNavigationPolicy	ABSENT	step_or_index=0010240	yes	no
era_928	flyff_farming_simulator/models/generalized_waypoint_calibrated_arc_seed8_0020480.zip	39a44110977c58ea58be37532fd65200dabc150695f1e7f3816ab09817be1c65	[928]	nvec=[3, 3]	simulator.split_branch_policy	SplitSteeringNavigationPolicy	ABSENT	step_or_index=0020480	yes	no
era_928	flyff_farming_simulator/models/generalized_waypoint_calibrated_arc_seed8_0030720.zip	39b98819febab200c619c79932c0189e182833affb2b001d19e677b799695701	[928]	nvec=[3, 3]	simulator.split_branch_policy	SplitSteeringNavigationPolicy	ABSENT	step_or_index=0030720	yes	no
era_928	flyff_farming_simulator/models/generalized_waypoint_calibrated_arc_seed8_0040960.zip	078e297ff1e47a69e4142107a15a3651735857bb84a67be7fba521c3e3f10607	[928]	nvec=[3, 3]	simulator.split_branch_policy	SplitSteeringNavigationPolicy	ABSENT	step_or_index=0040960	yes	no
era_928	flyff_farming_simulator/models/generalized_waypoint_combined_discount_consistent_progress_seed4_0010240.zip	19f585dd4e1568c81f54ed35cb5debb938ca3315baef73347a4996bc400d39ce	[928]	nvec=[3, 3]	simulator.split_branch_policy	SplitSteeringNavigationPolicy	ABSENT	step_or_index=0010240	yes	no
era_928	flyff_farming_simulator/models/generalized_waypoint_combined_discount_consistent_progress_seed4_0020480.zip	e4496dc462ee680f925ff6ea2c6010e57cfe5f89756a55ff6b6814ef2955c95c	[928]	nvec=[3, 3]	simulator.split_branch_policy	SplitSteeringNavigationPolicy	ABSENT	step_or_index=0020480	yes	no
era_928	flyff_farming_simulator/models/generalized_waypoint_combined_discount_consistent_progress_seed4_0030720.zip	fd4d28dd10912b072a05020bd52f9029e743124f54611720e3cf2ff08e697341	[928]	nvec=[3, 3]	simulator.split_branch_policy	SplitSteeringNavigationPolicy	ABSENT	step_or_index=0030720	yes	no
era_928	flyff_farming_simulator/models/generalized_waypoint_combined_discount_consistent_progress_seed4_0040960.zip	2ee430d95df696c5c8eb22c19fd6652fc69cb79d909bc530d4a727461cda9a8a	[928]	nvec=[3, 3]	simulator.split_branch_policy	SplitSteeringNavigationPolicy	ABSENT	step_or_index=0040960	yes	no
era_928	flyff_farming_simulator/models/generalized_waypoint_combined_discount_consistent_progress_seed4_0051200.zip	67fdf24a59668ec476bf79f1c960f995aa523b76508fa6cd9622237dbf9a27be	[928]	nvec=[3, 3]	simulator.split_branch_policy	SplitSteeringNavigationPolicy	ABSENT	step_or_index=0051200	yes	no
era_928	flyff_farming_simulator/models/generalized_waypoint_combined_discount_consistent_progress_seed4_0061440.zip	f4e17dab6a74c003ada7fea1a14fdb15d10d1ae4d0523d94c4bf570470f03236	[928]	nvec=[3, 3]	simulator.split_branch_policy	SplitSteeringNavigationPolicy	ABSENT	step_or_index=0061440	yes	no
era_928	flyff_farming_simulator/models/generalized_waypoint_combined_discount_consistent_progress_seed6_0010240.zip	501b21a5893965e3938a619fd0742ed097367140d077a425d9c378ce68852bcf	[928]	nvec=[3, 3]	simulator.split_branch_policy	SplitSteeringNavigationPolicy	ABSENT	step_or_index=0010240	yes	no
era_928	flyff_farming_simulator/models/generalized_waypoint_combined_discount_consistent_progress_seed6_0020480.zip	1b92bbd521ae19f3bce585ced1e4f1e710527bbed5ef257f9514586e1c0bfbc7	[928]	nvec=[3, 3]	simulator.split_branch_policy	SplitSteeringNavigationPolicy	ABSENT	step_or_index=0020480	yes	no
era_928	flyff_farming_simulator/models/generalized_waypoint_combined_discount_consistent_progress_seed6_0030720.zip	f6534113e0dbe8ba3cd1a9384779bd1ff4e2a243933a5406250d20bba80ac027	[928]	nvec=[3, 3]	simulator.split_branch_policy	SplitSteeringNavigationPolicy	ABSENT	step_or_index=0030720	yes	no
era_928	flyff_farming_simulator/models/generalized_waypoint_combined_discount_consistent_progress_seed6_0040960.zip	379d225b9bc6354763eda34a99a2c5704c976fc100681d54c98a85fa21685ddb	[928]	nvec=[3, 3]	simulator.split_branch_policy	SplitSteeringNavigationPolicy	ABSENT	step_or_index=0040960	yes	no
era_928	flyff_farming_simulator/models/generalized_waypoint_combined_discount_consistent_progress_seed6_0051200.zip	a255584d0c73f525afeaa600aa322c48e91723612cd9f3f063d7efdd95b23ac0	[928]	nvec=[3, 3]	simulator.split_branch_policy	SplitSteeringNavigationPolicy	ABSENT	step_or_index=0051200	yes	no
era_928	flyff_farming_simulator/models/generalized_waypoint_combined_discount_consistent_progress_seed6_0061440.zip	10c31646d9121b1927740f2edd7ba645cac166585c072cb70fb82b2d13f5b721	[928]	nvec=[3, 3]	simulator.split_branch_policy	SplitSteeringNavigationPolicy	ABSENT	step_or_index=0061440	yes	no
era_928	flyff_farming_simulator/models/generalized_waypoint_combined_discount_consistent_progress_seed7_0010240.zip	601f842be7f562698df4c4720cf258d805f99903d2c474979f60e673fe78cc55	[928]	nvec=[3, 3]	simulator.split_branch_policy	SplitSteeringNavigationPolicy	ABSENT	step_or_index=0010240	yes	no
era_928	flyff_farming_simulator/models/generalized_waypoint_combined_discount_consistent_progress_seed7_0020480.zip	9c622b2f6e61f03079f5fa4c1fc2a57fdf085eeccedf867d380f1ea1ab472ff6	[928]	nvec=[3, 3]	simulator.split_branch_policy	SplitSteeringNavigationPolicy	ABSENT	step_or_index=0020480	yes	no
era_928	flyff_farming_simulator/models/generalized_waypoint_combined_discount_consistent_progress_seed7_0030720.zip	bb942679b6224839314317f90b80f574e6f4504e6ddac8c3143dc39e4ad8680a	[928]	nvec=[3, 3]	simulator.split_branch_policy	SplitSteeringNavigationPolicy	ABSENT	step_or_index=0030720	yes	no
era_928	flyff_farming_simulator/models/generalized_waypoint_combined_discount_consistent_progress_seed7_0040960.zip	6e2719fa1ddb45ca92728183b60c8fe150580e8bd438c8387da0f6c654591aaf	[928]	nvec=[3, 3]	simulator.split_branch_policy	SplitSteeringNavigationPolicy	ABSENT	step_or_index=0040960	yes	no
era_928	flyff_farming_simulator/models/generalized_waypoint_combined_discount_consistent_progress_seed7_0051200.zip	30b8937a6981f070b84be09773b253c50c6503ea47ca8041b8a741bc5436d04e	[928]	nvec=[3, 3]	simulator.split_branch_policy	SplitSteeringNavigationPolicy	ABSENT	step_or_index=0051200	yes	no
era_928	flyff_farming_simulator/models/generalized_waypoint_combined_discount_consistent_progress_seed7_0061440.zip	36226cd3e38f7cca8e180eda1bb198f3149b4b35a5561aff8134e35886f6d0de	[928]	nvec=[3, 3]	simulator.split_branch_policy	SplitSteeringNavigationPolicy	ABSENT	step_or_index=0061440	yes	no
era_928	flyff_farming_simulator/models/generalized_waypoint_living_cost_only_seed0_0010240.zip	1b10de71b2304d1da1176e992a27a88f62feb96e4a86ca7ca3ff0e2745ae7c10	[928]	nvec=[3, 3]	simulator.split_branch_policy	SplitSteeringNavigationPolicy	ABSENT	step_or_index=0010240	yes	no
era_928	flyff_farming_simulator/models/generalized_waypoint_living_cost_only_seed0_0020480.zip	7094c8ba3cce5d60009f16c85bc37f2f81e442c60ec564e80f0856390c1d5bc0	[928]	nvec=[3, 3]	simulator.split_branch_policy	SplitSteeringNavigationPolicy	ABSENT	step_or_index=0020480	yes	no
era_928	flyff_farming_simulator/models/generalized_waypoint_living_cost_only_seed0_0030720.zip	5325ee06e47dbbbf5d69341cb6f1931868170b9d3fe4e6c6231a167e7ed60795	[928]	nvec=[3, 3]	simulator.split_branch_policy	SplitSteeringNavigationPolicy	ABSENT	step_or_index=0030720	yes	no
era_928	flyff_farming_simulator/models/generalized_waypoint_living_cost_only_seed0_0040960.zip	eb469c4bfd34e1c0a7733597e5e9c72788e8f020a2e1cb2c99d97639cbbf913b	[928]	nvec=[3, 3]	simulator.split_branch_policy	SplitSteeringNavigationPolicy	ABSENT	step_or_index=0040960	yes	no
era_928	flyff_farming_simulator/models/generalized_waypoint_living_cost_only_seed2_0010240.zip	f1528a69254e490795d68f4a50cb40f21d72cbcda896744b0d23c69d45ec0d6d	[928]	nvec=[3, 3]	simulator.split_branch_policy	SplitSteeringNavigationPolicy	ABSENT	step_or_index=0010240	yes	no
era_928	flyff_farming_simulator/models/generalized_waypoint_living_cost_only_seed2_0020480.zip	5758d9b81cb2d69612fc9265f189c8b881cc280b1368763c46c179515ca3a670	[928]	nvec=[3, 3]	simulator.split_branch_policy	SplitSteeringNavigationPolicy	ABSENT	step_or_index=0020480	yes	no
era_928	flyff_farming_simulator/models/generalized_waypoint_living_cost_only_seed2_0030720.zip	76aba8bb6196231f421069c8f3280ed24197d21f4320e2188994fc5cfa2db559	[928]	nvec=[3, 3]	simulator.split_branch_policy	SplitSteeringNavigationPolicy	ABSENT	step_or_index=0030720	yes	no
era_928	flyff_farming_simulator/models/generalized_waypoint_living_cost_only_seed2_0040960.zip	401edb3b71b36a2f37a2a76072babe7c76586a2e5aef24733c0b5b8b396c34fe	[928]	nvec=[3, 3]	simulator.split_branch_policy	SplitSteeringNavigationPolicy	ABSENT	step_or_index=0040960	yes	no
era_928	flyff_farming_simulator/models/generalized_waypoint_living_cost_only_seed8_0010240.zip	2dd3353740f9bed166d5a22d0a52a422e9ba18d027061ccab310c008cc169691	[928]	nvec=[3, 3]	simulator.split_branch_policy	SplitSteeringNavigationPolicy	ABSENT	step_or_index=0010240	yes	no
era_928	flyff_farming_simulator/models/generalized_waypoint_living_cost_only_seed8_0020480.zip	fbbc3c68cbecfeaca9ddb23310b00239b3ba2cd5b4df9018b411f0c94f3e5e91	[928]	nvec=[3, 3]	simulator.split_branch_policy	SplitSteeringNavigationPolicy	ABSENT	step_or_index=0020480	yes	no
era_928	flyff_farming_simulator/models/generalized_waypoint_living_cost_only_seed8_0030720.zip	6cd748c0a109c66fb3f1236e256ef91cd27ef295666446c465e6287abefcd4f5	[928]	nvec=[3, 3]	simulator.split_branch_policy	SplitSteeringNavigationPolicy	ABSENT	step_or_index=0030720	yes	no
era_928	flyff_farming_simulator/models/generalized_waypoint_living_cost_only_seed8_0040960.zip	c8a8d332a29112e426988e79bc5f171a07e0cbe46060ea7c36d60c4a5bddbf00	[928]	nvec=[3, 3]	simulator.split_branch_policy	SplitSteeringNavigationPolicy	ABSENT	step_or_index=0040960	yes	no
era_928	flyff_farming_simulator/models/generalized_waypoint_router_mix_seed100_0056320.zip	bde11ac0a9d0200c54fb19df85207e800f92dd0410f073bf7ef8d237cbddeaf4	[928]	nvec=[3, 3]	simulator.split_branch_policy	SplitSteeringNavigationPolicy	ABSENT	step_or_index=0056320	yes	no
era_928	flyff_farming_simulator/models/generalized_waypoint_router_mix_seed100_0061440.zip	07a633d8aee57c740665482ad5840b204047e64a955ac5319f7558e36dcf2179	[928]	nvec=[3, 3]	simulator.split_branch_policy	SplitSteeringNavigationPolicy	ABSENT	step_or_index=0061440	yes	no
era_928	flyff_farming_simulator/models/generalized_waypoint_router_mix_seed100_0066560.zip	199215c9514ab2498caf741603cfb78f785c00a6a39057ebe6f79c7b7f4112ee	[928]	nvec=[3, 3]	simulator.split_branch_policy	SplitSteeringNavigationPolicy	ABSENT	step_or_index=0066560	yes	no
era_928	flyff_farming_simulator/models/generalized_waypoint_router_mix_seed100_0071680.zip	30f5f5cadb73f944a21554cb0fc208f3efa537793a76cd93fdfdb47a71ef11dc	[928]	nvec=[3, 3]	simulator.split_branch_policy	SplitSteeringNavigationPolicy	ABSENT	step_or_index=0071680	yes	no
era_928	flyff_farming_simulator/models/generalized_waypoint_router_mix_seed102_0056320.zip	fcd31adcd43bc7f19725e3bdbfbc3eb7a62742cbb74fa4c13bf322513a265221	[928]	nvec=[3, 3]	simulator.split_branch_policy	SplitSteeringNavigationPolicy	ABSENT	step_or_index=0056320	yes	no
era_928	flyff_farming_simulator/models/generalized_waypoint_router_mix_seed102_0061440.zip	99ea8eb6c9169003ede40bf8e709672f8243fcf158553acbcc43afd10fc3b211	[928]	nvec=[3, 3]	simulator.split_branch_policy	SplitSteeringNavigationPolicy	ABSENT	step_or_index=0061440	yes	no
era_928	flyff_farming_simulator/models/generalized_waypoint_router_mix_seed102_0066560.zip	2bc921cd816fd14e5603724e057f8039b9a999e5d8322583b734cb92fa274c1c	[928]	nvec=[3, 3]	simulator.split_branch_policy	SplitSteeringNavigationPolicy	ABSENT	step_or_index=0066560	yes	no
era_928	flyff_farming_simulator/models/generalized_waypoint_router_mix_seed102_0071680.zip	f257002ebfcd700ece4ad4b3b20d856d7cf204e5d13a78abfb0e9778ba5314e1	[928]	nvec=[3, 3]	simulator.split_branch_policy	SplitSteeringNavigationPolicy	ABSENT	step_or_index=0071680	yes	no
era_928	flyff_farming_simulator/models/generalized_waypoint_router_mix_seed108_0056320.zip	6cb3cf94b7fdaf90d8be9ee7a5e5f23549a4bf2552dea605807695361a3ebbc3	[928]	nvec=[3, 3]	simulator.split_branch_policy	SplitSteeringNavigationPolicy	ABSENT	step_or_index=0056320	yes	no
era_928	flyff_farming_simulator/models/generalized_waypoint_router_mix_seed108_0061440.zip	c9ba13939fc8157628f9cc546983c664ee64d2ba44bfe2d70eb46d4108e05b1b	[928]	nvec=[3, 3]	simulator.split_branch_policy	SplitSteeringNavigationPolicy	ABSENT	step_or_index=0061440	yes	no
era_928	flyff_farming_simulator/models/generalized_waypoint_router_mix_seed108_0066560.zip	fb301e0a98fcc53bca9a1c1a573c8623d628cc889a7bb32e932f73f547b7871c	[928]	nvec=[3, 3]	simulator.split_branch_policy	SplitSteeringNavigationPolicy	ABSENT	step_or_index=0066560	yes	no
era_928	flyff_farming_simulator/models/generalized_waypoint_router_mix_seed108_0071680.zip	0d94ea3ac091fcf57e809e022dcc3fb7ce1d29fd424f8e16880c44f43f7f43af	[928]	nvec=[3, 3]	simulator.split_branch_policy	SplitSteeringNavigationPolicy	ABSENT	step_or_index=0071680	yes	no
era_928	flyff_farming_simulator/models/generalized_waypoint_timeout_failure_only_seed0_0010240.zip	4cd1286e2f03059771f642d2239eaa1243ad95a653792f85e95087a7428db1d2	[928]	nvec=[3, 3]	simulator.split_branch_policy	SplitSteeringNavigationPolicy	ABSENT	step_or_index=0010240	yes	no
era_928	flyff_farming_simulator/models/generalized_waypoint_timeout_failure_only_seed0_0020480.zip	3a5d238d20c4fe0219fc59b7577ec20595ae987a4608b4bcdacada48fdfdf4aa	[928]	nvec=[3, 3]	simulator.split_branch_policy	SplitSteeringNavigationPolicy	ABSENT	step_or_index=0020480	yes	no
era_928	flyff_farming_simulator/models/generalized_waypoint_timeout_failure_only_seed0_0030720.zip	2aaf5ab17f7c44c2192306dcb97379b4061b70efe6b9de6a1b25de0e47e12971	[928]	nvec=[3, 3]	simulator.split_branch_policy	SplitSteeringNavigationPolicy	ABSENT	step_or_index=0030720	yes	no
era_928	flyff_farming_simulator/models/generalized_waypoint_timeout_failure_only_seed0_0040960.zip	0561f80b9491f906b0f22cdbfe8010c5c6542a3f91c8bba12a105131ac8bfbf7	[928]	nvec=[3, 3]	simulator.split_branch_policy	SplitSteeringNavigationPolicy	ABSENT	step_or_index=0040960	yes	no
era_928	flyff_farming_simulator/models/generalized_waypoint_timeout_failure_only_seed2_0010240.zip	8722ffa430f9d84f7ffa25e3aa396e08cdcffa0b98b183e315550b7684f6e637	[928]	nvec=[3, 3]	simulator.split_branch_policy	SplitSteeringNavigationPolicy	ABSENT	step_or_index=0010240	yes	no
era_928	flyff_farming_simulator/models/generalized_waypoint_timeout_failure_only_seed2_0020480.zip	315c5998f35637d2be62084e996e6213ae5cabb27e930fba31edad53bdd7a736	[928]	nvec=[3, 3]	simulator.split_branch_policy	SplitSteeringNavigationPolicy	ABSENT	step_or_index=0020480	yes	no
era_928	flyff_farming_simulator/models/generalized_waypoint_timeout_failure_only_seed2_0030720.zip	bd0d559b264ef070dc5939a1da0138c11ad775e730fb0a10e2d3ab7b7b4d9ee7	[928]	nvec=[3, 3]	simulator.split_branch_policy	SplitSteeringNavigationPolicy	ABSENT	step_or_index=0030720	yes	no
era_928	flyff_farming_simulator/models/generalized_waypoint_timeout_failure_only_seed2_0040960.zip	26482ad8b34296ad4bf390bbc3d681ac2e0e0778aa1bec7c1c4e76ec938fb930	[928]	nvec=[3, 3]	simulator.split_branch_policy	SplitSteeringNavigationPolicy	ABSENT	step_or_index=0040960	yes	no
era_928	flyff_farming_simulator/models/generalized_waypoint_timeout_failure_only_seed8_0010240.zip	9093d62ef4eeb78caef56e0c757a2889f9b2b3ca134cec8a499ac13473e87f67	[928]	nvec=[3, 3]	simulator.split_branch_policy	SplitSteeringNavigationPolicy	ABSENT	step_or_index=0010240	yes	no
era_928	flyff_farming_simulator/models/generalized_waypoint_timeout_failure_only_seed8_0020480.zip	848a90db2a97a431e438a3923dc438d0f808489001221d63461a4e4188025b77	[928]	nvec=[3, 3]	simulator.split_branch_policy	SplitSteeringNavigationPolicy	ABSENT	step_or_index=0020480	yes	no
era_928	flyff_farming_simulator/models/generalized_waypoint_timeout_failure_only_seed8_0030720.zip	b40e189c91a45af0349d1caf282541fb2f5cf5226963384fa328891d1e4f0bd4	[928]	nvec=[3, 3]	simulator.split_branch_policy	SplitSteeringNavigationPolicy	ABSENT	step_or_index=0030720	yes	no
era_928	flyff_farming_simulator/models/generalized_waypoint_timeout_failure_only_seed8_0040960.zip	7cae2d4140b60656a6c3788dadc389376d4b28bb1b716a03181f39695fc7f8f1	[928]	nvec=[3, 3]	simulator.split_branch_policy	SplitSteeringNavigationPolicy	ABSENT	step_or_index=0040960	yes	no
quarantine	flyff_farming_simulator/models/_quarantine/canonical_basic_bootstrap_BROKEN_event_head_never_learned_eva_20260808.zip	d090da4f506655d86483c8bad1f062647a63dfe7c681ab3021fb0a0f03e6bb80	[925]	nvec=[3, 3]	simulator.split_branch_policy	SplitSteeringNavigationPolicy	ABSENT	quarantined_BROKEN	yes	no
quarantine	flyff_farming_simulator/models/_quarantine/canonical_basic_bootstrap_BROKEN_steering_and_event_collapse_20260807.zip	a584ff711283d3ecd8313b0aba30b55a676926beffe5245a9613640210b89ffb	[925]	nvec=[3, 3]	simulator.split_branch_policy	SplitSteeringNavigationPolicy	ABSENT	quarantined_BROKEN	yes	no
quarantine	flyff_farming_simulator/models/_quarantine/canonical_basic_milestone_001_BROKEN_event_head_never_learned_eva_20260808.zip	2f79371a21771e9beaa8d2901e82f18d4d7f624e1e729b58f48f0a9672728796	[925]	nvec=[3, 3]	simulator.split_branch_policy	SplitSteeringNavigationPolicy	ABSENT	quarantined_BROKEN	yes	no
quarantine	flyff_farming_simulator/models/_quarantine/canonical_basic_milestone_002_BROKEN_event_head_never_learned_eva_20260808.zip	e5647f903430af9396f7abc7aa5212e4cc86f9f840697ff4d666474ddd8f842c	[925]	nvec=[3, 3]	simulator.split_branch_policy	SplitSteeringNavigationPolicy	ABSENT	quarantined_BROKEN	yes	no
quarantine	flyff_farming_simulator/models/_quarantine/canonical_basic_milestone_003_BROKEN_event_head_never_learned_eva_20260808.zip	a92ff0b7d6c6be95d9d3d5e38f55d3aa4d97517843b5a6aaad47294e25e3aa9c	[925]	nvec=[3, 3]	simulator.split_branch_policy	SplitSteeringNavigationPolicy	ABSENT	quarantined_BROKEN	yes	no
quarantine	flyff_farming_simulator/models/_quarantine/canonical_basic_milestone_004_BROKEN_event_head_never_learned_eva_20260808.zip	2dfc43affc7fb25df63a7981ded64a6e398931ee18e3e634b659b6be1425bfb1	[925]	nvec=[3, 3]	simulator.split_branch_policy	SplitSteeringNavigationPolicy	ABSENT	quarantined_BROKEN	yes	no
quarantine	flyff_farming_simulator/models/_quarantine/canonical_beginner_graduated_PROVISIONAL_OLD_COLLISION_BAR_20260808.zip	1b930ebf0540ee028736732588ebc14c3a710b742e3c843efdbc21f3b1544b89	[925]	nvec=[3, 3]	simulator.split_branch_policy	SplitSteeringNavigationPolicy	ABSENT	quarantined_PROVISIONAL	yes	no
quarantine	flyff_farming_simulator/models/_quarantine/canonical_intermediate_graduated_PROVISIONAL_OLD_COLLISION_BAR_20260808.zip	4261f62b38fa72eaa28eb7e501dc9ef883358a870545e4831844db7bc3b14daa	[925]	nvec=[3, 3]	simulator.split_branch_policy	SplitSteeringNavigationPolicy	ABSENT	quarantined_PROVISIONAL	yes	no
